Workbook

Sheet references
A1: reference_ID | B1: reference_short | C1: reference_year | D1: reference_full
A2: 14 | B2: Yang et al 2021 | C2: 2021 | D2: Yang, C., Rooney, A.D., et al. 2021. The tempo of Ediacaran evolution. Science Advances, 7, eabi9643, https://doi.org/10.1126/sciadv.abi9643.
A3: 17 | B3: Zhu et al 2013 | C3: 2013 | D3: Zhu, B., Becker, H., Jiang, S.-Y., Pi, D.-H., Fischer-Gödde, M. and Yang, J.-H. 2013. Re–Os geochronology of black shales from the Neoproterozoic Doushantuo Formation, Yangtze platform, South China. Precambrian Research, 225, 67–76, https://doi.org/10.1016/j.precamres.2012.02.002.
A4: 20 | B4: Calver et al 2004 | C4: 2004 | D4: Calver, C.R., Black, L.P., Everard, J.L. and Seymour, D.B. 2004. U-Pb zircon age constraints on late Neoproterozoic glaciation in Tasmania. Geology, 32, 893–896, https://doi.org/10.1130/G20713.1.
A5: 23 | B5: Pu et al 2016 | C5: 2016 | D5: Pu, J.P., Bowring, S.A., et al. 2016. Dodging snowballs: Geochronology of the Gaskiers glaciation and the first appearance of the Ediacaran biota. Geology, 44, 955–958, https://doi.org/10.1130/G38284.1.
A6: 25 | B6: Rooney et al 2020 | C6: 2020 | D6: Rooney, A.D., Cantine, M.D., et al. 2020. Calibrating the coevolution of Ediacaran life and environment. Proceedings of the National Academy of Sciences, https://doi.org/10.1073/pnas.2002918117.
A7: 27 | B7: Srodon et al 2023 | C7: 2023 | D7: Środoń, J., Condon, D.J., et al. 2023. Ages of the Ediacaran Volyn-Brest trap volcanism, glaciations, paleosols, Podillya Ediacaran soft-bodied organisms, and the Redkino-Kotlin boundary (East European Craton) constrained by zircon single grain U-Pb dating. Precambrian Research, 386, 106962, https://doi.org/10.1016/j.precamres.2023.106962.
A8: 28 | B8: Thomas et al 2002 | C8: 2002 | D8: Thomas, R.J., Chevallier, L.P., et al. 2002. Precambrian evolution of the Sirwa Window, Anti-Atlas Orogen, Morocco. Precambrian Research, 118, 1–57, https://doi.org/10.1016/S0301-9268(02)00075-X.
A9: 29 | B9: Thompson & Bowring 2000 | C9: 2000 | D9: Thompson, M.D. and Bowring, S.A. 2000. Age of the Squantum “tillite,” Boston Basin, Massachusetts; U-Pb zircon constraints on terminal Neoproterozoic glaciation. American Journal of Science, 300, 630–655, https://doi.org/10.2475/ajs.300.8.630.
A10: 31 | B10: Nelson et al 2022 | C10: 2022 | D10: Nelson, L.L., Ramezani, J., et al. 2022. Pushing the boundary: A calibrated Ediacaran-Cambrian stratigraphic record from the Nama Group in northwestern Republic of South Africa. Earth and Planetary Science Letters, 580, 117396, https://doi.org/10.1016/j.epsl.2022.117396.
A11: 32 | B11: Miller et al 2008 | C11: 2008 | D11: Miller, N., Johnson, P. and Stern, B. 2008. Marine versus non-marine environments for the Jibalah Group, NW Arabian shield: A sedimentologic and geochemical survey and report of possible metazoa in the Dhaiqa formation. Arabian Journal for Science and Engineering, 33, 55–77.
A12: 34 | B12: Letsch et al 2018 | C12: 2018 | D12: Letsch, D., Large, S.J.E., Buechi, M.W., Winkler, W. and von Quadt, A. 2018. Ediacaran glaciations of the west African Craton – Evidence from Morocco. Precambrian Research, 310, 17–38, https://doi.org/10.1016/j.precamres.2018.02.015.
A13: 36 | B13: Linnemann et al 2018 | C13: 2018 | D13: Linnemann, U., Pidal, A.P., et al. 2018. A ~565 Ma old glaciation in the Ediacaran of peri-Gondwanan West Africa. International Journal of Earth Sciences, 107, 885–911, https://doi.org/10.1007/s00531-017-1520-7.
... A167: 351 | B167: Corkeron & George 2001 | C167: 2001 | D167: Corkeron, M.L. and George, A.D. 2001. Glacial incursion on a Neoproterozoic carbonate platform in the Kimberley region, Australia. GSA Bulletin, 113, 1121–1132, https://doi.org/10.1130/0016-7606(2001)113%253C1121:GIOANC%253E2.0.CO;2.

Sheet meih_occurrences
A1: csl_occurrence_id | B1: deposit_id | C1: deposit_name | D1: likely_interval | E1: section_id | F1: section_name | G1: section_longitude | H1: section_latitude | I1: composite_section_id | J1: composite_section_name | K1: composite_longitude | L1: composite_latitude | M1: csl_type | N1: supergroup | O1: group | P1: subgroup | Q1: formation | R1: member | S1: unit | T1: deposit_synonyms_correlatives | U1: reference1 | V1: reference2 | W1: reference3 | X1: reference4 | Y1: reference5 | Z1: reference6 | AA1: reference7 | AB1: reference8
A2: 1 | B2: =_xlfn.XLOOKUP(C2, csl_deposits!B:B, csl_deposits!A:A, "NA", 0,1) -> 38 | C2: Izdar Member | D2: MEIH | E2: 155 | F2: Ansra | G2: -7.43 | H2: 30.52 | I2: 302 | J2: Anti-Atlas Mountains | K2: -7.6114185 | L2: 30.509645 | M2: diamictite | N2: PIII | R2: Izdar | U2: Letsch et al 2018
A3: 2 | B3: =_xlfn.XLOOKUP(C3, csl_deposits!B:B, csl_deposits!A:A, "NA", 0,1) -> 38 | C3: Izdar Member | D3: MEIH | E3: 156 | F3: Taghdout | G3: -7.27 | H3: 30.72 | I3: 302 | J3: Anti-Atlas Mountains | K3: -7.6114185 | L3: 30.509645 | M3: diamictite | N3: PIII | R3: Izdar | U3: Letsch et al 2018
A4: 9 | B4: =_xlfn.XLOOKUP(C4, csl_deposits!B:B, csl_deposits!A:A, "NA", 0,1) -> 77 | C4: Tiddiline Group | D4: MEIH | E4: 154 | F4: Ait Ahmane | G4: -6.51 | H4: 30.56 | I4: 302 | J4: Anti-Atlas Mountains | K4: -7.6114185 | L4: 30.509645 | M4: diamictite | N4: PIII | O4: Tiddiline | S4: Tiddiline diamictite | U4: Inglis et al 2004 | V4: Letsch et al 2018
A5: 10 | B5: =_xlfn.XLOOKUP(C5, csl_deposits!B:B, csl_deposits!A:A, "NA", 0,1) -> 77 | C5: Tiddiline Group | D5: MEIH | E5: 275 | F5: Bou Azzer | G5: -6.9 | H5: 30.42 | I5: 302 | J5: Anti-Atlas Mountains | K5: -7.6114185 | L5: 30.509645 | M5: diamictite | N5: PIII | O5: Tiddiline | S5: Tiddiline diamictite | U5: Letsch et al 2018
A6: 11 | B6: =_xlfn.XLOOKUP(C6, csl_deposits!B:B, csl_deposits!A:A, "NA", 0,1) -> 77 | C6: Tiddiline Group | D6: MEIH | E6: 157 | F6: Tizwat | G6: -7.56 | H6: 30.76 | I6: 302 | J6: Anti-Atlas Mountains | K6: -7.6114185 | L6: 30.509645 | M6: diamictite | N6: PIII | O6: Tiddiline | S6: Tiddiline diamictite | U6: Letsch et al 2018
A7: 12 | B7: =_xlfn.XLOOKUP(C7, csl_deposits!B:B, csl_deposits!A:A, "NA", 0,1) -> 77 | C7: Tiddiline Group | D7: MEIH | E7: 276 | F7: Timzioura | G7: -8.48 | H7: 30.24 | I7: 302 | J7: Anti-Atlas Mountains | K7: -7.6114185 | L7: 30.509645 | M7: diamictite | N7: PIII | O7: Tiddiline | S7: Tiddiline diamictite | U7: Letsch et al 2018
A8: 13 | B8: =_xlfn.XLOOKUP(C8, csl_deposits!B:B, csl_deposits!A:A, "NA", 0,1) -> 1 | C8: Antaq Polymictic Conglomerate | D8: MEIH | E8: 305 | F8: Antaq Basin | G8: 44.22556 | H8: 23.71837 | I8: 305 | J8: Antaq Basin | K8: 44.22556 | L8: 23.71837 | M8: diamictite | O8: Jibalah | Q8: Rubtayn | S8: Antaq Polymictic Conglomerate | U8: Al-Husseini 2011 | V8: Al-Husseini 2014 | W8: Nettle et al 2014
A9: 18 | B9: =_xlfn.XLOOKUP(C9, csl_deposits!B:B, csl_deposits!A:A, "NA", 0,1) -> 14 | C9: Croles Hill diamictite | D9: MEIH | E9: 151 | F9: Robbins Passage | G9: 144.86249 | H9: -40.743828 | I9: 310 | J9: Tasmania | K9: 144.80629 | L9: -40.772983 | M9: diamictite | O9: Togari | P9: Kanunnah | Q9: Croles Hill | U9: Brown 1986a | V9: Brown 1986b | W9: Crawford & Berry 1992 | X9: Calver & Walter 2000 | Y9: Calver et al 2004 | Z9: Everard et al 2007 | AA9: Mulder et al 2020
A10: 28 | B10: =_xlfn.XLOOKUP(C10, csl_deposits!B:B, csl_deposits!A:A, "NA", 0,1) -> 26 | C10: Gaskiers Formation | D10: MEIH | E10: 152 | F10: St Marys | G10: -53.590889 | H10: 46.923334 | I10: 323 | J10: Avalon Peninsula | K10: -53.321125 | L10: 47.322524 | M10: diamictite | O10: Conception | Q10: Gaskiers | U10: Eyles & Eyles 1989 | V10: Carto & Eyles 2011a | W10: Pu et al 2016 | X10: Fitzgerald et al 2024
A11: 29 | B11: =_xlfn.XLOOKUP(C11, csl_deposits!B:B, csl_deposits!A:A, "NA", 0,1) -> 26 | C11: Gaskiers Formation | D11: MEIH | E11: 259 | F11: Great Colinet Island | G11: -53.74 | H11: 47.04 | I11: 323 | J11: Avalon Peninsula | K11: -53.321125 | L11: 47.322524 | M11: diamictite | O11: Conception | Q11: Gaskiers | U11: Eyles & Eyles 1989 | V11: Carto & Eyles 2011a | W11: Pu et al 2016 | X11: Fitzgerald et al 2024
A12: 30 | B12: =_xlfn.XLOOKUP(C12, csl_deposits!B:B, csl_deposits!A:A, "NA", 0,1) -> 26 | C12: Gaskiers Formation | D12: MEIH | E12: 260 | F12: North Point Bay | G12: -53.65 | H12: 46.98 | I12: 323 | J12: Avalon Peninsula | K12: -53.321125 | L12: 47.322524 | M12: diamictite | O12: Conception | Q12: Gaskiers | U12: Eyles & Eyles 1989 | V12: Carto & Eyles 2011a | W12: Pu et al 2016 | X12: Fitzgerald et al 2024
A13: 31 | B13: =_xlfn.XLOOKUP(C13, csl_deposits!B:B, csl_deposits!A:A, "NA", 0,1) -> 50 | C13: Mall Bay Formation | D13: MEIH | E13: 259 | F13: Great Colinet Island | G13: -53.74 | H13: 47.04 | I13: 323 | J13: Avalon Peninsula | K13: -53.321125 | L13: 47.322524 | M13: lonestones | O13: Conception | Q13: Mall Bay | S13: upper Mall Bay | U13: Krogh et al 1988 | V13: Pu et al 2016 | W13: Fitzgerald et al 2024
A14: 32 | B14: =_xlfn.XLOOKUP(C14, csl_deposits!B:B, csl_deposits!A:A, "NA", 0,1) -> 79 | C14: Trinity diamictite | D14: MEIH | E14: 277 | F14: Trinity Bay | G14: -53.37978 | H14: 48.376619 | I14: 325 | J14: Bonavista Peninsula | K14: -53.578495 | L14: 48.357598 | M14: diamictite | O14: Musgravetown | Q14: Rocky Harbour | S14: Trinity diamictite | T14: Trinity facies | U14: Normore 2011 | V14: Pu et al 2016
A15: 33 | B15: =_xlfn.XLOOKUP(C15, csl_deposits!B:B, csl_deposits!A:A, "NA", 0,1) -> 79 | C15: Trinity diamictite | D15: MEIH | E15: 278 | F15: Trinity Pond | G15: -53.43 | H15: 48.41 | I15: 325 | J15: Bonavista Peninsula | K15: -53.578495 | L15: 48.357598 | M15: diamictite | O15: Musgravetown | Q15: Rocky Harbour | S15: Trinity diamictite | T15: Trinity facies | U15: Pu et al 2016
A16: 34 | B16: =_xlfn.XLOOKUP(C16, csl_deposits!B:B, csl_deposits!A:A, "NA", 0,1) -> 79 | C16: Trinity diamictite | D16: MEIH | E16: 279 | F16: Old Bonaventure | G16: -53.43 | H16: 48.29 | I16: 325 | J16: Bonavista Peninsula | K16: -53.578495 | L16: 48.357598 | M16: diamictite | O16: Musgravetown | Q16: Rocky Harbour | S16: Trinity diamictite | T16: Trinity facies | U16: Pu et al 2016
A17: 35 | B17: =_xlfn.XLOOKUP(C17, csl_deposits!B:B, csl_deposits!A:A, "NA", 0,1) -> 79 | C17: Trinity diamictite | D17: MEIH | E17: 280 | F17: Cat Cove | G17: -53.43 | H17: 48.28 | I17: 325 | J17: Bonavista Peninsula | K17: -53.578495 | L17: 48.357598 | M17: diamictite | O17: Musgravetown | Q17: Rocky Harbour | S17: Trinity diamictite | T17: Trinity facies | U17: Pu et al 2016
A18: 43 | B18: =_xlfn.XLOOKUP(C18, csl_deposits!B:B, csl_deposits!A:A, "NA", 0,1) -> 44 | C18: Las Ventanas Formation | D18: MEIH | E18: 264 | F18: Burgueno Quarry | G18: -55.26 | H18: -34.71 | I18: 330 | J18: Maldonado | K18: -55.26 | L18: -34.71 | M18: diamictite | O18: Maldonado | Q18: Las Ventanas | U18: Sanchez Bettucci & Linares 1996 | V18: Blanco & Gaucher 2005 | W18: Oyhantcabal et al 2006 | X18: Gaucher et al 2008 | Y18: Poire & Gaucher 2009 | Z18: Pecoits et al 2011
A19: 44 | B19: =_xlfn.XLOOKUP(C19, csl_deposits!B:B, csl_deposits!A:A, "NA", 0,1) -> 44 | C19: Las Ventanas Formation | D19: MEIH | E19: 266 | F19: CUCPSA Quarry | G19: -55.28 | H19: -34.37 | I19: 330 | J19: Maldonado | K19: -55.26 | L19: -34.71 | M19: diamictite | O19: Maldonado | Q19: Las Ventanas | U19: Gaucher et al 2008
A20: 45 | B20: =_xlfn.XLOOKUP(C20, csl_deposits!B:B, csl_deposits!A:A, "NA", 0,1) -> 44 | C20: Las Ventanas Formation | D20: MEIH | E20: 268 | F20: Pan de Azucar | G20: -55.24 | H20: -34.77 | I20: 330 | J20: Maldonado | K20: -55.26 | L20: -34.71 | M20: diamictite | O20: Maldonado | Q20: Las Ventanas | U20: Oyhantcabal et al 2007 | V20: Gaucher et al 2008
A21: 46 | B21: =_xlfn.XLOOKUP(C21, csl_deposits!B:B, csl_deposits!A:A, "NA", 0,1) -> 44 | C21: Las Ventanas Formation | D21: MEIH | E21: 267 | F21: Piriapolis | G21: -55.28 | H21: -34.88 | I21: 330 | J21: Maldonado | K21: -55.26 | L21: -34.71 | M21: diamictite | O21: Maldonado | Q21: Las Ventanas | U21: Bossi et al 1993 | V21: Gaucher et al 2008
A22: 47 | B22: =_xlfn.XLOOKUP(C22, csl_deposits!B:B, csl_deposits!A:A, "NA", 0,1) -> 44 | C22: Las Ventanas Formation | D22: MEIH | E22: 265 | F22: R60-R81 | G22: -55.27 | H22: -34.53 | I22: 330 | J22: Maldonado | K22: -55.26 | L22: -34.71 | M22: diamictite | O22: Maldonado | Q22: Las Ventanas | U22: Mallmann et al 2007
A23: 48 | B23: =_xlfn.XLOOKUP(C23, csl_deposits!B:B, csl_deposits!A:A, "NA", 0,1) -> 9 | C23: Bunyeroo Formation | D23: MEIH | E23: 249 | F23: Wilcolo Creek | G23: 138.56 | H23: -31.43 | I23: 233 | J23: Flinders Ranges | K23: 138.66497 | L23: -31.372568 | M23: lonestone | O23: Wilpena | Q23: Bunyeroo | U23: Webb et al 1983 | V23: Haines 1986 | W23: Compston et al 1987 | X23: Young 1995 | Y23: Wallace et al 1996 | Z23: Gostin et al 2010 | AA23: Williams & Schmidt 2018 | AB23: Williams & Schmidt 2021
A24: 49 | B24: =_xlfn.XLOOKUP(C24, csl_deposits!B:B, csl_deposits!A:A, "NA", 0,1) -> 9 | C24: Bunyeroo Formation | D24: MEIH | E24: 249 | F24: Wilcolo Creek | G24: 138.56 | H24: -31.43 | I24: 233 | J24: Flinders Ranges | K24: 138.66497 | L24: -31.372568 | M24: granule cluster | O24: Wilpena | Q24: Bunyeroo | U24: Webb et al 1983 | V24: Haines 1986 | W24: Compston et al 1987 | X24: Young 1995 | Y24: Wallace et al 1996 | Z24: Gostin et al 2010 | AA24: Williams & Schmidt 2018 | AB24: Williams & Schmidt 2021
A25: 50 | B25: =_xlfn.XLOOKUP(C25, csl_deposits!B:B, csl_deposits!A:A, "NA", 0,1) -> 9 | C25: Bunyeroo Formation | D25: MEIH | E25: 250 | F25: Parachilna Gorge | G25: 138.53 | H25: -31.14 | I25: 233 | J25: Flinders Ranges | K25: 138.66497 | L25: -31.372568 | M25: lonestone | O25: Wilpena | Q25: Bunyeroo | U25: Webb et al 1983 | V25: Haines 1986 | W25: Compston et al 1987 | X25: Young 1995 | Y25: Wallace et al 1996 | Z25: Gostin et al 2010 | AA25: Williams & Schmidt 2018 | AB25: Williams & Schmidt 2021
A26: 51 | B26: =_xlfn.XLOOKUP(C26, csl_deposits!B:B, csl_deposits!A:A, "NA", 0,1) -> 9 | C26: Bunyeroo Formation | D26: MEIH | E26: 250 | F26: Parachilna Gorge | G26: 138.53 | H26: -31.14 | I26: 233 | J26: Flinders Ranges | K26: 138.66497 | L26: -31.372568 | M26: granule cluster | O26: Wilpena | Q26: Bunyeroo | U26: Webb et al 1983 | V26: Haines 1986 | W26: Compston et al 1987 | X26: Young 1995 | Y26: Wallace et al 1996 | Z26: Gostin et al 2010 | AA26: Williams & Schmidt 2018 | AB26: Williams & Schmidt 2021
A27: 52 | B27: =_xlfn.XLOOKUP(C27, csl_deposits!B:B, csl_deposits!A:A, "NA", 0,1) -> 9 | C27: Bunyeroo Formation | D27: MEIH | E27: 92 | F27: Bunyeroo Gorge | G27: 138.86761 | H27: -31.467181 | I27: 233 | J27: Flinders Ranges | K27: 138.66497 | L27: -31.372568 | M27: granule cluster | O27: Wilpena | Q27: Bunyeroo | U27: Webb et al 1983 | V27: Haines 1986 | W27: Compston et al 1987 | X27: Young 1995 | Y27: Wallace et al 1996 | Z27: Gostin et al 2010 | AA27: Williams & Schmidt 2018 | AB27: Williams & Schmidt 2021
A28: 53 | B28: =_xlfn.XLOOKUP(C28, csl_deposits!B:B, csl_deposits!A:A, "NA", 0,1) -> 9 | C28: Bunyeroo Formation | D28: MEIH | E28: 92 | F28: Bunyeroo Gorge | G28: 138.86761 | H28: -31.467181 | I28: 233 | J28: Flinders Ranges | K28: 138.66497 | L28: -31.372568 | M28: granule cluster | O28: Wilpena | Q28: Bunyeroo | U28: Webb et al 1983 | V28: Haines 1986 | W28: Compston et al 1987 | X28: Young 1995 | Y28: Wallace et al 1996 | Z28: Gostin et al 2010 | AA28: Williams & Schmidt 2018 | AB28: Williams & Schmidt 2021
A29: 54 | B29: =_xlfn.XLOOKUP(C29, csl_deposits!B:B, csl_deposits!A:A, "NA", 0,1) -> 15 | C29: Dey Dey Mudstone | D29: MEIH | E29: 252 | F29: Munta-1 | G29: 131.94 | H29: -28.4 | I29: 331 | J29: Officer Basin | K29: 131.94 | L29: -28.4 | M29: granule cluster | O29: Ungoolya | Q29: Dey Dey | U29: Gostin et al 2010
A30: 55 | B30: =_xlfn.XLOOKUP(C30, csl_deposits!B:B, csl_deposits!A:A, "NA", 0,1) -> 15 | C30: Dey Dey Mudstone | D30: MEIH | E30: 253 | F30: Murnaroo-1 | G30: 132.2 | H30: -29.26 | I30: 331 | J30: Officer Basin | K30: 131.94 | L30: -28.4 | M30: granule cluster | O30: Ungoolya | Q30: Dey Dey | U30: Gostin et al 2010
A31: 58 | B31: =_xlfn.XLOOKUP(C31, csl_deposits!B:B, csl_deposits!A:A, "NA", 0,1) -> 18 | C31: Doushantuo glendonites | D31: MEIH | E31: 256 | F31: YD-4 | G31: 111.35 | H31: 30.33 | I31: 32 | J31: Yangtze Block | K31: 111.16 | L31: 30.79 | M31: glendonite | Q31: Doushantuo | S31: U2 | U31: Wang et al 2020 | V31: Yang et al 2021
A32: 59 | B32: =_xlfn.XLOOKUP(C32, csl_deposits!B:B, csl_deposits!A:A, "NA", 0,1) -> 18 | C32: Doushantuo glendonites | D32: MEIH | E32: 255 | F32: HJZK | G32: 112.21 | H32: 31.5 | I32: 32 | J32: Yangtze Block | K32: 111.16 | L32: 30.79 | M32: glendonite | Q32: Doushantuo | S32: U6 to U9 | U32: Wang et al 2020 | V32: Yang et al 2021
A33: 63 | B33: =_xlfn.XLOOKUP(C33, csl_deposits!B:B, csl_deposits!A:A, "NA", 0,1) -> 24 | C33: Fauquier Formation | D33: MEIH | E33: 257 | F33: Lincoln Quadrangle | G33: -77.64 | H33: 39.04 | I33: 334 | J33: Northern Virginia | K33: -77.64 | L33: 39.04 | M33: diamictite | O33: Lynchburg | P33: Upper Lynchburg | Q33: Fauquier | U33: Wehr & Glover 1985 | V33: Southworth et al 2009 | W33: Hebert et al 2010
A34: 64 | B34: =_xlfn.XLOOKUP(C34, csl_deposits!B:B, csl_deposits!A:A, "NA", 0,1) -> 24 | C34: Fauquier Formation | D34: MEIH | E34: 258 | F34: Marshall Quadrangle | G34: -77.84 | H34: 38.82 | I34: 334 | J34: Northern Virginia | K34: -77.64 | L34: 39.04 | M34: diamictite | O34: Lynchburg | P34: Upper Lynchburg | Q34: Fauquier | U34: Wehr & Glover 1985 | V34: Southworth et al 2009 | W34: Hebert et al 2010
A35: 65 | B35: =_xlfn.XLOOKUP(C35, csl_deposits!B:B, csl_deposits!A:A, "NA", 0,1) -> 47 | C35: Loch na Cille beds | D35: Ediacaran | E35: 269 | F35: Tayvallich Peninsula | G35: -5.7 | H35: 55.93 | I35: 332 | J35: Southern Highlands | K35: -7.14 | L35: 55.29 | M35: diamictite | N35: Dalradian | O35: Southern Highlands | S35: Loch na Cille beds | T35: Loch na Cille boulder beds | U35: Condon & Prave 2000 | V35: Dempster et al 2002 | W35: McCay et al 2006 | X35: Chumakov 2007 | Y35: Prave & Fallick 2011
A36: 66 | B36: =_xlfn.XLOOKUP(C36, csl_deposits!B:B, csl_deposits!A:A, "NA", 0,1) -> 35 | C36: Inishowen beds | D36: Ediacaran | E36: 262 | F36: Inishowen Peninsula | G36: -7.14 | H36: 55.29 | I36: 332 | J36: Southern Highlands | K36: -7.14 | L36: 55.29 | M36: diamictite | N36: Dalradian | O36: Southern Highlands | S36: Inishowen beds | T36: Inishowan beds | U36: Condon & Prave 2000 | V36: Dempster et al 2002 | W36: McCay et al 2006 | X36: Chumakov 2007 | Y36: Prave & Fallick 2011
A37: 68 | B37: =_xlfn.XLOOKUP(C37, csl_deposits!B:B, csl_deposits!A:A, "NA", 0,1) -> 92 | C37: Fengtai Formation | D37: Ediacaran | E37: 346 | F37: Bagongshan | G37: 116.78806 | H37: 32.647222 | I37: 348 | J37: North China Craton | K37: 116.78806 | L37: 32.647222 | M37: diamictite | Q37: Fengtai | U37: Yue et al 2025 | V37: Tan et al 2025
A38: 69 | B38: =_xlfn.XLOOKUP(C38, csl_deposits!B:B, csl_deposits!A:A, "NA", 0,1) -> 92 | C38: Fengtai Formation | D38: Ediacaran | E38: 347 | F38: Xiaomeiyao | G38: 115.92167 | H38: 32.271944 | I38: 348 | J38: North China Craton | K38: 116.78806 | L38: 32.647222 | M38: diamictite | Q38: Fengtai | U38: Yue et al 2025
A39: 70 | B39: =_xlfn.XLOOKUP(C39, csl_deposits!B:B, csl_deposits!A:A, "NA", 0,1) -> 64 | C39: Playa Hermosa Formation | D39: MEIH | E39: 353 | F39: Playa Hermosa | G39: -55.302907 | H39: -34.8333 | I39: 267 | J39: Piriapolis | K39: -55.28 | L39: -34.88 | M39: diamictite | O39: Maldonado | Q39: Playa Hermosa | R39: Lower Member | U39: Pazos et al 2011
A40: 74 | B40: =_xlfn.XLOOKUP(C40, csl_deposits!B:B, csl_deposits!A:A, "NA", 0,1) -> 18 | C40: Doushantuo glendonites | D40: MEIH | E40: 101 | F40: Zhangcunping | G40: 111.21 | H40: 31.29 | I40: 32 | J40: Yangtze Block | K40: 111.16 | L40: 30.79 | M40: glendonite | Q40: Doushantuo | S40: U6 | U40: Wang et al 2017 | V40: Zhou et al 2017 | W40: Wang et al 2020 | X40: Yang et al 2021
A41: 75 | B41: =_xlfn.XLOOKUP(C41, csl_deposits!B:B, csl_deposits!A:A, "NA", 0,1) -> 40 | C41: Koyva Formation | D41: MEIH | E41: 263 | F41: Biser | G41: 58.87 | H41: 58.51 | I41: 166 | J41: Central Urals | K41: 0 | L41: 0 | M41: diamictite | O41: Serebryanka | Q41: Koyva | T41: Koiiva Formation | U41: Chumakov 2011 | V41: Grazhdankin et al 2011 | W41: Maslov et al 2013
A42: 76 | B42: =_xlfn.XLOOKUP(C42, csl_deposits!B:B, csl_deposits!A:A, "NA", 0,1) -> 73 | C42: Starye Pechi Formation | D42: MEIH | E42: 263 | F42: Biser | G42: 58.87 | H42: 58.51 | I42: 166 | J42: Central Urals | K42: 0 | L42: 0 | M42: diamictite | O42: Sylvitsa | Q42: Starye Pechi | U42: Chumakov 2011 | V42: Grazhdankin et al 2011 | W42: Maslov et al 2013
A43: 77 | B43: =_xlfn.XLOOKUP(C43, csl_deposits!B:B, csl_deposits!A:A, "NA", 0,1) -> 76 | C43: Tany Formation | D43: MEIH | E43: 263 | F43: Biser | G43: 58.87 | H43: 58.51 | I43: 166 | J43: Central Urals | K43: 0 | L43: 0 | M43: diamictite | O43: Serebryanka | Q43: Tany | U43: Chumakov 2011 | V43: Grazhdankin et al 2011 | W43: Maslov et al 2013
A44: 78 | B44: =_xlfn.XLOOKUP(C44, csl_deposits!B:B, csl_deposits!A:A, "NA", 0,1) -> 68 | C44: Serra Azul Unit A | D44: MEIH | E44: 167 | F44: 2-ANP-006-MT | G44: -56.513986 | H44: -13.80137 | I44: 313 | J44: Juruena sub-basin | K44: -56.513986 | L44: -13.80137 | M44: diamictite | Q44: Serra Azul | S44: Unit A | T44: Serra Azul diamictite | U44: Babinski et al 2006 | V44: Alvarenga et al 2007 | W44: Figuerido 2010 | X44: Figuerido et al 2011 | Y44: McGee et al 2013 | Z44: McGee et al 2015 | AA44: Lamoso et al 2023
A45: 79 | B45: =_xlfn.XLOOKUP(C45, csl_deposits!B:B, csl_deposits!A:A, "NA", 0,1) -> 68 | C45: Serra Azul Unit A | D45: MEIH | E45: 272 | F45: Marzagao | G45: -55.67 | H45: -14.54 | I45: 313 | J45: Juruena sub-basin | K45: -56.513986 | L45: -13.80137 | M45: diamictite | Q45: Serra Azul | S45: Unit A | T45: Serra Azul diamictite | U45: Babinski et al 2006 | V45: Alvarenga et al 2007 | W45: Figuerido 2010 | X45: Figuerido et al 2011 | Y45: McGee et al 2013 | Z45: McGee et al 2015 | AA45: Lamoso et al 2023
A46: 80 | B46: =_xlfn.XLOOKUP(C46, csl_deposits!B:B, csl_deposits!A:A, "NA", 0,1) -> 72 | C46: Squantum diamictite | D46: MEIH | E46: 153 | F46: Dorchester Tunnel | G46: -71.079627 | H46: 42.301702 | I46: 329 | J46: New England | K46: -71.079627 | L46: 42.301702 | M46: diamictite | O46: Boston Bay | Q46: Roxbury Conglomerate | R46: Squantum | T46: Roxbury Conglomerate; Squantum tillite | U46: Thompson & Bowring 2000 | V46: Thompson et al 2007
A47: 81 | B47: =_xlfn.XLOOKUP(C47, csl_deposits!B:B, csl_deposits!A:A, "NA", 0,1) -> 72 | C47: Squantum diamictite | D47: MEIH | E47: 273 | F47: Quincy Bay | G47: -71.01 | H47: 42.3 | I47: 358 | J47: Boston Basin | K47: -71.01 | L47: 42.3 | M47: diamictite | O47: Boston Bay | Q47: Roxbury Conglomerate | R47: Squantum | T47: Roxbury Conglomerate; Squantum tillite | U47: Sayles 1914 | V47: Dott 1961 | W47: Tierney et al 1968 | X47: Socci & Smith 1990 | Y47: Thompson & Bowring 2000 | Z47: Thompson et al 2007 | AA47: Carto & Eyles 2012
A48: 82 | B48: =_xlfn.XLOOKUP(C48, csl_deposits!B:B, csl_deposits!A:A, "NA", 0,1) -> 85 | C48: Xichangjing Formation | D48: MEIH | E48: 283 | F48: Hanshan West | G48: 96.1 | H48: 41.9 | I48: 360 | J48: Hanshan | K48: 96.1 | L48: 41.9 | M48: diamictite | Q48: Xichangjing | U48: Zhao et al 1984 | V48: Niu et al 2024
A49: 83 | B49: =_xlfn.XLOOKUP(C49, csl_deposits!B:B, csl_deposits!A:A, "NA", 0,1) -> 85 | C49: Xichangjing Formation | D49: MEIH | E49: 281 | F49: Shuangyingshan East | G49: 99.5 | H49: 41.25 | I49: 364 | J49: Shuangyingshan | K49: 99.5 | L49: 41.25 | M49: diamictite | Q49: Xichangjing | U49: Zhao et al 1984 | V49: Niu et al 2024
A50: 84 | B50: =_xlfn.XLOOKUP(C50, csl_deposits!B:B, csl_deposits!A:A, "NA", 0,1) -> 85 | C50: Xichangjing Formation | D50: MEIH | E50: 282 | F50: Shuangyingshan West | G50: 96 | H50: 41.5 | I50: 364 | J50: Shuangyingshan | K50: 99.5 | L50: 41.25 | M50: diamictite | Q50: Xichangjing | U50: Zhao et al 1984 | V50: Niu et al 2024
A51: 87 | B51: =_xlfn.XLOOKUP(C51, csl_deposits!B:B, csl_deposits!A:A, "NA", 0,1) -> 27 | C51: Glussk Formation | D51: MEIH | E51: 361 | F51: West Belarus | G51: 24.356558 | H51: 52.212443 | I51: 361 | J51: West Belarus | K51: 24.356558 | L51: 52.212443 | M51: diamictite | O51: Vilchanka | Q51: Glussk | T51: Glusk Formation | U51: Paszkowski et al 2018 | V51: Francovschi et al 2023 | W51: Srodon et al 2023
A52: 88 | B52: =_xlfn.XLOOKUP(C52, csl_deposits!B:B, csl_deposits!A:A, "NA", 0,1) -> 93 | C52: Mercantile Diamictite | D52: MEIH | E52: 325 | F52: Bonavista Peninsula | G52: -53.578495 | H52: 48.357598 | I52: 325 | J52: Bonavista Peninsula | K52: -53.578495 | L52: 48.357598 | M52: diamictite | O52: Musgravetown | Q52: Rocky Harbour | S52: Mercantile diamictite | U52: Gomez et al 2025 | V52: Gomez et al 2026
A53: 89 | B53: =_xlfn.XLOOKUP(C53, csl_deposits!B:B, csl_deposits!A:A, "NA", 0,1) -> 89 | C53: Zukow Formation | D53: MEIH | E53: 337 | F53: Kaplonosy IG1 | G53: 23.338792 | H53: 51.607848 | I53: 341 | J53: Volyn-Brest | K53: 26.870335 | L53: 50.203899 | M53: diamictite | O53: Bialystok | Q53: Zukow | U53: Francovschi et al 2023 | V53: Srodon et al 2023 | W53: Francovschi et al 2024
A54: 90 | B54: =_xlfn.XLOOKUP(C54, csl_deposits!B:B, csl_deposits!A:A, "NA", 0,1) -> 36 | C54: Iporanga Formation | D54: MEIH | E54: 362 | F54: South Parana | G54: -48.6667 | H54: -24.5833 | I54: 362 | J54: South Parana | K54: -48.6667 | L54: -24.5833 | M54: diamictite | N54: Acungui | O54: Votuverava | P54: Ribeira | Q54: Iporanga | U54: Campanha et al 2008
A55: 91 | B55: =_xlfn.XLOOKUP(C55, csl_deposits!B:B, csl_deposits!A:A, "NA", 0,1) -> 75 | C55: Talisayi Formation | D55: Ediacaran | E55: 274 | F55: Guozigou-Keguqing | G55: 80.97 | H55: 44.34 | I55: 363 | J55: Yili | K55: 80.97 | L55: 44.34 | M55: diamictite | O55: Kailaktik | Q55: Talisayi | T55: Talysayi Formation | U55: Wang et al 1983 | V55: Zhu & Wang 2011 | W55: He et al 2014 | X55: He et al 2015
A56: 92 | B56: =_xlfn.XLOOKUP(C56, csl_deposits!B:B, csl_deposits!A:A, "NA", 0,1) -> 18 | C56: Doushantuo glendonites | D56: MEIH | E56: 87 | F56: Jiulongwan | G56: 111.05517 | H56: 30.804181 | I56: 32 | J56: Yangtze Block | K56: 111.16 | L56: 30.79 | M56: glendonite | Q56: Doushantuo | U56: Wang et al 2020 | V56: Yang et al 2021
A57: 111 | B57: =_xlfn.XLOOKUP(C57, [1]csl_deposits!B:B, [1]csl_deposits!A:A, "NA", 0,1) -> 20 | C57: Egan Formation | D57: Ediacaran | E57: 367 | F57: Mount Ramsay | G57: 126.7 | H57: -18.7 | I57: 367 | J57: Mount Ramsay | K57: 126.7 | L57: -18.7 | M57: diamictite | O57: Louisa Downs | Q57: Egan | U57: Corkeron & George 2001
A58: 112 | B58: =_xlfn.XLOOKUP(C58, [1]csl_deposits!B:B, [1]csl_deposits!A:A, "NA", 0,1) -> 22 | C58: Esfordi Formation | D58: Ediacaran | E58: 368 | F58: Bafq mining district | G58: 56 | H58: 32 | I58: 368 | J58: Bafq mining district | K58: 56 | L58: 32 | M58: diamictite | Q58: Esfordi | U58: Mohseni & Aftabi 2015
A59: 113 | B59: =_xlfn.XLOOKUP(C59, [1]csl_deposits!B:B, [1]csl_deposits!A:A, "NA", 0,1) -> 66 | C59: Rang Formation | D59: Ediacaran | E59: 369 | F59: Karatau | G59: 69 | H59: 44 | I59: 369 | J59: Karatau | K59: 69 | L59: 44 | M59: diamictite | O59: Ulutau | Q59: Rang | U59: Chumakov 2009
A60: 114 | B60: =_xlfn.XLOOKUP(C60, [1]csl_deposits!B:B, [1]csl_deposits!A:A, "NA", 0,1) -> 37 | C60: Ishim River diamictite | D60: Ediacaran | E60: 369 | F60: Karatua | G60: 69 | H60: 44 | I60: 369 | J60: Karatua | K60: 69 | L60: 44 | M60: diamictite | O60: Dzhetym | Q60: Dzhetymtay | S60: Ishim River diamictite | U60: Chumakov 2009

Sheet csl_deposits
A1: deposit_id | B1: deposit_name | C1: deposit_synonyms_correlatives | D1: deposit_type | E1: craton | F1: average_longitude | G1: average_latitude | H1: likely_interval | I1: likely_interval_notes | J1: deposit_score_WH02 | K1: deposit_score_WH02_source | L1: deposit_score_WH01 | M1: deposit_score_WH01_source | N1: deposit_score_Tindal2023 | O1: deposit_score_Tindal2023_notes | P1: tindal_2023_included | Q1: tindal_2023_id | R1: tindal_2023_age_max | S1: tindal_2023_age_max_unc | T1: tindal_2023_age_min | U1: tindal_2023_age_min_unc | V1: tindal_2023_evidence | W1: tindal_2023_notes | X1: youbi_2020_included | Y1: youbi_2020_glaciation | Z1: youbi_2020_age_max | AA1: youbi_2020_age_min | AB1: youbi_2020_notes | AC1: retallack_2022_included | AD1: retallack_2022_glaciation | AE1: retallack_2022_age_max | AF1: retallack_2022_age_min | AG1: retallack_2022_notes | AH1: wang_2023_included | AI1: wang_2023_id | AJ1: wang_2023_age_max | AK1: wang_2023_age_max_unc | AL1: wang_2023_age_min | AM1: wang_2023_age_min_unc | AN1: wang_2023_glaciation | AO1: wang_2023_notes | AP1: niu_2024_included | AQ1: niu_2024_id | AR1: niu_2024_facies | AS1: niu_2024_glaciation | AT1: niu_2024_age_max | AU1: niu_2024_age_min | AV1: niu_2024_notes
A2: 8 | B2: Bradore Formation | C2: sub-Cambrian pavement | D2: glacial | E2: Laurentia | H2: uncertain | I2: Likely pre-Cambrian; undulating surface expressed on Archaean gneiss | J2: 1 | K2: Tindal 2023 | L2: 1 | M2: Tindal 2023 | N2: 1 | P2: Yes | Q2: NF23 | T2: 485.4 | U2: 1.9 | V2: ★☆☆☆☆ grooved surfaces, and diamictite with rounded clasts from one lithological group | X2: No | AC2: Yes | AD2: Hankalchough | AE2: 555 | AF2: 549 | AG2: Evidence cited for deposits of this glaciation are frost boils; needle ice casts; dropped pebbles; low chemical index of alteration; glacial pavement; diamictite. | AH2: No | AP2: Yes | AQ2: 37 | AR2: Glacial erosion surface | AS2: Hankalchough | AT2: 562 | AU2: 551
A3: 29 | B3: Gwna Group | C3: Mona Group; Bodorgan Formation | D3: glacial | E3: Avalonia | H3: uncertain | I3: Following Schofield et al 2021; possibly Cambro-Ordovician. | J3: 2 | K3: WH02: see Supplementary Information | L3: 3 | M3: Tindal 2023 | N3: 3 | P3: Yes | Q3: NF18 | R3: 619 | S3: 6 | T3: 501 | U3: 10 | V3: ★★★☆☆ diamictite and dropstones with angular to rounded clasts from 3 lithological groups | X3: No | AC3: No | AH3: Yes | AI3: 9 | AJ3: 595 | AK3: 12 | AL3: 555 | AM3: 5 | AN3: GEG | AO3: Maximum age constraint from Rb-Sr whole-rock isochron on underlying metamorphic rock. Minimum age constraint from Rb-Sr whole-rock isochron of 550-560 Ma from metamorphic rock above. | AP3: Yes | AQ3: 40 | AR3: Cordillera-type mountain ice sheets | AS3: Gaskiers | AT3: 581 | AU3: 579 | AV3: Possible Gaskiers assignment.
A4: 35 | B4: Inishowen beds | C4: Inishowan beds; Inishowan Boulder Beds; Inishowen Boulder Beds | D4: glacial | E4: Laurentia | F4: -7.14 | G4: 55.29 | H4: uncertain | I4: Poorly constrained except by putative correlation with the Loch na Cille beds. Possibly MEIH or slightly older following radiometric constraints. | J4: 3 | K4: WH02: see Supplementary Information | L4: 0 | M4: Tindal 2023 rated 0; included here because it as included in other compilations. | N4: 0 | O4: Tindal 2023 rated 0; included here because it as included in other compilations. | P4: Yes | Q4: NE17 | V4: ☆☆☆☆☆ diamictite with clasts of unreported roundness from one lithological group | X4: No | AC4: No | AH4: Yes | AI4: 22 | AJ4: 590 | AL4: 570 | AN4: GEG | AO4: No detail provided for age constraints. Loch na Cille and Inishowan beds combined. | AP4: Yes | AQ4: 42 | AR4: Marine glacial | AS4: Gaskiers | AT4: 581 | AU4: 579 | AV4: Inishowan and Loch na Cille beds combined.
A5: 47 | B5: Loch na Cille beds | C5: Tayvallich Formation | D5: glacial | E5: Laurentia | F5: -5.7 | G5: 55.93 | H5: uncertain | I5: Poorly constrained except by putative correlation with the Inishowen beds. Possibly MEIH or slightly older following radiometric constraints. | J5: 2 | K5: WH02: see Supplementary Information | L5: 2 | M5: Tindal 2023 | N5: 2 | P5: Yes | Q5: NE16 | R5: 601 | S5: 4 | T5: 485.4 | U5: 1.9 | V5: ★★☆☆☆ diamictite with clasts of unreported roundness from 3 lithological groups | X5: Yes | Y5: Loch na Cille | Z5: 595 | AB5: Age constraints follow Halliday et al 1989 and Dempster et al 2002 | AC5: No | AH5: Yes | AI5: 22 | AJ5: 590 | AL5: 570 | AN5: GEG | AO5: No detail provided for age constraints. Loch na Cille and Inishowan beds combined. | AP5: Yes | AQ5: 42 | AR5: Marine glacial | AS5: Gaskiers | AT5: 581 | AU5: 579 | AV5: Inishowan and Loch na Cille beds combined.
A6: 57 | B6: Mount Lloyd George Formation | D6: glacial | E6: Laurentia | H6: uncertain | I6: Following Eisbacher 1981; Smith et al 2011. | J6: 3 | K6: Tindal 2023 | L6: 3 | M6: Tindal 2023 | N6: 3 | P6: Yes | Q6: NF4 | T6: 509 | U6: 5 | V6: ★★★☆☆ diamictite and dropstones with clasts of unreported roundness from 3 lithological groups, some of which are striated | X6: No | AC6: No | AH6: No | AP6: No
A7: 65 | B7: Pourpree de l'Ahnet Group | D7: glacial | E7: West Gondwana | H7: uncertain | I7: Poorly constrained; Deynoux et al 2006 and Chumakov 2009 infer a late Ediacaran (560 to 530 Ma) depositional age but the radiometric constraints they use are unreliable (see Bechiri-Benmerzoug et al 2017) and a Cryogenian age based on lithostratigraphy of the 'triad' deposits across the Taoudeni Basin may be more likely (Graham Shields pers. comm.) | J7: 4 | K7: Tindal 2023 | L7: 4 | M7: WH01: Tindal 2023 split into lower 4* and upper 2* diamictites; combined here. | N7: 4 | O7: Tindal 2023 split into lower 4* and upper 2* diamictites; combined here. | P7: Yes | Q7: NA4ab | R7: 560 | S7: 10 | T7: 530 | U7: 7 | V7: ★★★★☆ varves, and diamictite and dropstones with angular to rounded clasts from 3 lithological groups, some of which are facetted or striated | X7: No | AC7: No | AH7: Yes | AI7: 31 | AJ7: 560 | AK7: 10 | AL7: 530 | AN7: GEG | AO7: Maximum age constraint from U-Pb and Rb-Sr dating of granites. Minimum age constraint from tuff U-Pb and Ar-Ar dates. | AP7: Yes | AQ7: 32 | AR7: Mountain and terrestrial glacial | AS7: Hankalchough | AT7: 562 | AU7: 551 | AV7: Pourpree l'Ahnet and Fersiga groups combined.
A8: 69 | B8: Shaohuotong Formation | C8: Shaohuotonggou Group | D8: glacial | E8: North China | H8: uncertain | I8: Possibly older than 593 Ma following Tindal 2023. | J8: 0 | K8: Tindal 2023 | L8: 0 | M8: Tindal 2023 rated 0; included here because it as included in other compilations. | N8: 0 | P8: Yes | Q8: NC32 | T8: 593 | U8: 39 | V8: ☆☆☆☆☆ diamictite with clasts of unreported roundness from one lithological group | X8: No | AC8: No | AH8: No | AP8: Yes | AQ8: 15 | AR8: Marine glacial | AS8: uncertain | AV8: Included in compilation but not assigned to a glacial interval.
A9: 81 | B9: Vingerbreek Member | C9: Vingerbreek Unconformity; Nudaus Formation | D9: glacial | E9: Kalahari | H9: uncertain | I9: Commonly interpreted as Ediacaran; Baillie et al 2025 (unreviewed abstract) indicate a non-Ediacaran (Permo-Carboniferous, Dwyka Formation) assignation for the glacial parts of this deposit | J9: 3 | K9: WH01: see Supplementary Information | L9: 3 | M9: Tindal 2023 | N9: 3 | P9: Yes | Q9: NA24 | R9: 549 | S9: 1 | T9: 545 | U9: 0.01 | V9: ★★★☆☆ a small gouged surface, and diamictite with clasts of unreported roundness from one lithological group, some of which are facetted or striated | X9: Yes | Y9: Vingerbreek | AB9: Identified as post-Gaskiers but no other age constraints given | AC9: No | AH9: Yes | AI9: 20 | AJ9: 549 | AK9: 1 | AN9: GEG | AO9: Maximum age constraint from underlying Zaris Formation tuff zircon U-Pb date. No minimum age constraint. | AP9: Yes | AQ9: 33 | AR9: Palaeovalleys | AS9: Hankalchough | AT9: 562 | AU9: 551
A10: 82 | B10: Wegleszyn Tilloid | D10: glacial | E10: Baltica | H10: uncertain | I10: Following Brochwicz-Lewinski 1981. | J10: 2 | K10: Tindal 2023 | L10: 2 | M10: Tindal 2023 | N10: 2 | P10: Yes | Q10: NE23 | T10: 541 | U10: 1 | V10: ★★☆☆☆ diamictite and lonestones with rounded clasts from 3 lithological groups | X10: No | AC10: No | AH10: No | AP10: No
A11: 1 | B11: Antaq Polymictic Conglomerate | C11: Rubtayn Formation; Jibalah Group | D11: glacial | E11: Arabian Shield | F11: 44.22556 | G11: 23.71837 | H11: MEIH | J11: 2 | K11: WH02: see Supplementary Information | L11: 2 | M11: Tindal 2023 | N11: 2 | P11: Yes | Q11: NC4 | R11: 618 | S11: 0.01 | T11: 576 | U11: 5.6 | V11: ★★☆☆☆ diamictite with subrounded to rounded clasts from 3 lithological groups | X11: No | AC11: No | AH11: No | AP11: No
A12: 9 | B12: Bunyeroo Formation | D12: glacial | E12: East Gondwana | F12: 138.56 | G12: -31.43 | H12: MEIH | J12: 1 | K12: WH02: see Supplementary Information | L12: 1 | M12: Tindal 2023 | N12: 1 | P12: Yes | Q12: ND16c | R12: 657 | S12: 17 | T12: 593 | U12: 32 | V12: ★☆☆☆☆ lonestones with clasts of unreported roundness from one lithological group | X12: No | AC12: Yes | AD12: Gaskiers | AE12: 581 | AF12: 579 | AG12: Evidence cited for deposits of this glaciation are tillite; dropped pebbles; low chemical index of alteration; ice wedges; paleokarst. | AH12: Yes | AI12: 5 | AJ12: 588 | AK12: 35 | AL12: 570 | AN12: GEG | AO12: Maximum age constraint from Rb-Sr isochron on Stuart Shelf equivalent of Bunyeroo Formation. No specified minimum age constraint but noted that it is below the Wonoka Formation. | AP12: Yes | AQ12: 22 | AR12: Marine glacial | AS12: Gaskiers | AT12: 581 | AU12: 579
A13: 14 | B13: Croles Hill diamictite | D13: glacial | E13: East Gondwana | F13: 144.86249 | G13: -40.743828 | H13: MEIH | I13: Interbedded with volcanic units that are dated | J13: 3 | K13: WH02: see Supplementary Information | L13: 3 | M13: Tindal 2023 | N13: 3 | P13: Yes | Q13: ND20b | R13: 582 | S13: 4 | T13: 485.4 | U13: 5 | V13: ★★★☆☆ diamictite and lonestones with angular to rounded clasts from 3 lithological groups | X13: Yes | Y13: Gaskiers | Z13: 582 | AA13: 575 | AB13: Possibly assigned to Elatina glaciation; age constraints from Calver et al 2004 | AC13: No | AH13: Yes | AI13: 6 | AJ13: 582 | AK13: 4 | AN13: GEG | AO13: Maximum age constraint from 582 ± 4 Ma date of Calver et al 2004. No minimum age constraint. | AP13: Yes | AQ13: 23 | AR13: Lowland terrestrial glacial | AS13: Gaskiers | AT13: 581 | AU13: 579
A14: 15 | B14: Dey Dey Mudstone | D14: glacial | E14: East Gondwana | F14: 131.94 | G14: -28.4 | H14: MEIH | J14: 1 | K14: WH02: see Supplementary Information | L14: 2 | M14: Tindal 2023 | N14: 2 | P14: Yes | Q14: ND12 | V14: ★★☆☆☆ dropstones with clasts of unreported roundness from one lithological group | X14: No | AC14: No | AH14: No | AP14: No
A15: 18 | B15: Doushantuo glendonites | D15: glacial | E15: South China | F15: 111.35 | G15: 30.33 | H15: MEIH | K15: WH02: see Supplementary Information | L15: 0 | M15: Tindal 2023 implicit | O15: Tindal 2023 implicit 0: excluded glendonite occurrences. | P15: No | X15: No | AC15: No | AH15: No | AP15: No
A16: 24 | B16: Fauquier Formation | D16: glacial | E16: Laurentia | F16: -77.64 | G16: 39.04 | H16: MEIH | I16: Not well constrained | J16: 2 | K16: WH02: see Supplementary Information | L16: 2 | M16: Tindal 2023 | N16: 2 | P16: Yes | Q16: NF18b | R16: 715 | S16: 15 | T16: 570 | U16: 1 | V16: ★★☆☆☆ diamictite with angular to rounded clasts from 2 lithological groups | X16: No | AC16: Yes | AD16: Fauquier | AE16: 572 | AF16: 570 | AG16: Evidence cited for deposits of this glaciation are tillite; dropped pebbles; low chemical index of alteration; paleokarst. | AH16: Yes | AI16: 21 | AL16: 571 | AM16: 1 | AN16: GEG | AO16: Maximum age unconstrained. Minimum age constrained by zircon U-Pb TIMS date on felsic tuff. | AP16: Yes | AQ16: 41 | AR16: Pro-glacial fluvial outwash | AS16: Fauquier | AT16: 571 | AU16: 571
A17: 26 | B17: Gaskiers Formation | C17: Gaskiers diamictite | D17: glacial | E17: Avalonia | F17: -53.590889 | G17: 46.923334 | H17: MEIH | J17: 4 | K17: WH02: see Supplementary Information | L17: 4 | M17: Tindal 2023 | N17: 4 | P17: Yes | Q17: NF20 | R17: 580.9 | S17: 0.4 | T17: 579.88 | U17: 0.44 | V17: ★★★★☆ diamictite and dropstones with very angular to well-rounded clasts from 3 lithological groups, some of which are facetted or striated | X17: Yes | Y17: Gaskiers | Z17: 580.9 | AA17: 579.88 | AB17: Following age constraints of Pu et al 2016. | AC17: Yes | AD17: Gaskiers | AE17: 581 | AF17: 579 | AG17: Evidence cited for deposits of this glaciation are tillite; dropped pebbles; low chemical index of alteration; ice wedges; paleokarst. | AH17: Yes | AI17: 8 | AJ17: 580.9 | AK17: 0.4 | AL17: 579.88 | AM17: 0.44 | AN17: GEG | AO17: Cite a 50 cm 'cap carbonate' with d13C values -6 permille to -2 permille in the Harbour Main section and a 20 cm 'cap carbonate' with d13C values -8 permille to -5 permille in the Kitchuses section. | AP17: Yes | AQ17: 34 | AR17: Cordillera-type mountain ice sheets | AS17: Gaskiers | AT17: 581 | AU17: 579
A18: 27 | B18: Glussk Formation | C18: Vilchitsy Group; Vil'chitsy Group | D18: glacial | E18: Baltica | F18: 24.356558 | G18: 52.212443 | H18: MEIH | I18: Following Francovschi et al 2023; 2024 | J18: 4 | K18: WH02: see Supplementary Information | L18: 4 | M18: Tindal 2023 | N18: 4 | P18: Yes | Q18: NE24b | R18: 977 | S18: 6 | T18: 551 | U18: 4 | V18: ★★★★☆ varves, and diamictite and dropstones with angular to rounded clasts from 4 lithological groups, some of which are facetted or striated | X18: Yes | AB18: No age constraints given or plotted. | AC18: No | AH18: Yes | AI18: 13 | AJ18: 555 | AN18: GEG | AO18: Combined as Vil'chitsy Group. No maximum age constraint. Possibly minimum age constraint from U-Pb zircon date from Ust'Pinega. | AP18: Yes | AQ18: 4 | AR18: Lowland terrestrial glacial | AS18: Hankalchough | AT18: 562 | AU18: 551 | AV18: Possible Hankalchough assignment.
A19: 36 | B19: Iporanga Formation | D19: glacial | E19: Sao Francisco | F19: -48.6667 | G19: -24.5833 | H19: MEIH | I19: Poorly constrained; following Campanha et al 2008 | J19: 2 | K19: WH02: see Supplementary Information | L19: 2 | M19: WH01: ★★☆☆☆ Basal conglomerate with clasts of unreported roundness from 3 lithological groups. Note that Campanha et al 2008 interpret this unit as a non-glaciogenic basal conglomerate. | P19: No | X19: Yes | AB19: No age constraints given or plotted. | AC19: No | AH19: Yes | AI19: 25 | AJ19: 580 | AN19: GEG | AO19: Maximum age constraint from zircon U-Pb SHRIMP date. No minimum age constraint. | AP19: Yes | AQ19: 45 | AR19: Marine glacial | AS19: uncertain | AV19: Included in compilation but not assigned to a glacial interval.
A20: 38 | B20: Izdar Member | C20: Ouarzazate Group [but note disctinct from younger Ouarzazate Group deposits]; Aourz Formation; Bou Azzer tillite | D20: glacial | E20: West Gondwana | F20: -7.43 | G20: 30.52 | H20: MEIH | J20: 4 | K20: WH02: see Supplementary Information | L20: 3 | M20: Tindal 2023 | N20: 3 | P20: Yes | Q20: NA1b | R20: 592.31 | S20: 0.18 | T20: 574.9 | U20: 3 | V20: ★★★☆☆ basement roche moutoneé, and diamictite with very angular to well-rounded clasts from 2 lithological groups, some of which are facetted | X20: No | AB20: Includes the Ouarzazate Group but not Izdar Member specifically | AC20: No | AG20: Includes the Ouarzazate Group but not Izdar Member specifically | AH20: No | AO20: Includes the Ouarzazate Group but not Izdar Member specifically | AP20: No | AV20: Includes the Aourz Formation but not the Izdar Member and references Vernhet et al 2012 and Youbi et al 2020
A21: 40 | B21: Koyva Formation | C21: Koiva Formation | D21: glacial | E21: Baltica | F21: 58.87 | G21: 58.51 | H21: MEIH | J21: 3 | K21: WH02: see Supplementary Information | L21: 3 | M21: Tindal 2023 | N21: 3 | P21: Yes | Q21: NE29c | R21: 671 | S21: 24 | T21: 557 | U21: 13 | V21: ★★★☆☆ diamictite and dropstones with clasts of unreported roundness from one lithological group, some of which are striated | X21: No | AC21: Yes | AD21: Fauquier | AE21: 572 | AF21: 570 | AG21: Evidence cited for deposits of this glaciation are tillite; dropped pebbles; low chemical index of alteration; paleokarst. | AH21: Yes | AI21: 15 | AJ21: 598.1 | AK21: 6 | AL21: 567.2 | AM21: 3.9 | AN21: GEG | AO21: Maximum age constraint from tuff zircon U-Pb. Minimum age constraint from tuff zircon U-Pb. Combined Tany, Koiva, and Lower Starye Pechi formations; separated here. | AP21: Yes | AQ21: 7 | AR21: Marine glacial | AS21: Gaskiers | AT21: 581 | AU21: 579 | AV21: Combined Tany and Koiva formations; separated here.
A22: 44 | B22: Las Ventanas Formation | D22: glacial | E22: Rio de Plata | F22: -55.26 | G22: -34.71 | H22: MEIH | J22: 4 | K22: WH02: see Supplementary Information | L22: 3 | M22: Tindal 2023 | N22: 3 | P22: Yes | Q22: NG5 | R22: 590 | S22: 16 | T22: 578 | U22: 4.3 | V22: ★★★☆☆ diamictite and lonestones with angular to subrounded clasts from 3 lithological groups, some of which are facetted or striated | X22: No | AC22: No | AH22: Yes | AI22: 24 | AJ22: 615 | AK22: 30 | AL22: 579 | AM22: 1.5 | AN22: GEG | AO22: Maximum age constraint from K-Ar on basalt. Minimum age constraitnt from Ar-Ar on post-collisional plutons. | AP22: Yes | AQ22: 44 | AR22: Marine glacial | AS22: Gaskiers | AT22: 581 | AU22: 579
A23: 50 | B23: Mall Bay Formation | D23: glacial | E23: Avalonia | F23: -53.74 | G23: 47.04 | H23: MEIH | J23: 4 | K23: WH02: see Supplementary Information | L23: 2 | M23: WH01: ★★☆☆☆ subrounded dropstones from 2 lithological groups, some of which are facetted. Evidence (Fitzgerald et al 2024) not originally available. | P23: No | X23: No | AC23: No | AH23: No | AP23: No
A24: 64 | B24: Playa Hermosa Formation | D24: glacial | E24: Paraguay Belt | F24: -55.302907 | G24: -34.8333 | H24: MEIH | J24: 3 | K24: WH02: see Supplementary Information | L24: 3 | M24: Tindal 2023 | N24: 3 | P24: Yes | Q24: NG7 | R24: 594 | S24: 16 | T24: 578 | U24: 4.3 | V24: ★★★☆☆ rhythmite (possibly varves), and diamictite and dropstones with angular to subrounded clasts from 3 lithological groups | X24: No | AC24: No | AH24: No | AP24: No
A25: 68 | B25: Serra Azul Unit A | D25: glacial | E25: Amazonia | F25: -56.513986 | G25: -13.80137 | H25: MEIH | I25: Tentative assignment within large uncertainty of dates | J25: 4 | K25: WH02: see Supplementary Information | L25: 4 | M25: Tindal 2023 | N25: 4 | P25: Yes | Q25: NG3b | R25: 640 | S25: 15 | T25: 528 | U25: 26 | V25: ★★★★☆ rhythmites with tidal bundles, and diamictite with very angular to well-rounded clasts from 4 lithological groups, some of which are facetted or striated | X25: Yes | Y25: unnamed | AB25: No age constraints given or plotted. | AC25: No | AH25: Yes | AI25: 1 | AJ25: 630 | AN25: GEG | AO25: No age constraint details provided. No minimum age constraint. | AP25: Yes | AQ25: 43 | AR25: Palaeovalleys | AS25: Gaskiers | AT25: 581 | AU25: 579 | AV25: Possible Gaskiers assignment.
A26: 72 | B26: Squantum diamictite | C26: Roxbury Conglomerate | D26: glacial | E26: Avalonia | F26: -71.079627 | G26: 42.301702 | H26: MEIH | J26: 2 | K26: WH02: see Supplementary Information | L26: 4 | M26: Tindal 2023 | N26: 4 | P26: Yes | Q26: NF19 | R26: 596.39 | S26: 0.79 | T26: 509 | U26: 5 | V26: ★★★★☆ possible varves, and diamictite and lonestones with angular to subrounded clasts from 4 lithological groups, some of which are striated | X26: Yes | Y26: Squantum | Z26: 595.5 | AA26: 565 | AB26: Following age constraints of Thompson & Bowring 2000 and Thompson et al 2014 | AC26: Yes | AD26: Gaskiers | AE26: 581 | AF26: 579 | AG26: Evidence cited for deposits of this glaciation are tillite; dropped pebbles; low chemical index of alteration; ice wedges; paleokarst. | AH26: Yes | AI26: 10 | AJ26: 595.5 | AK26: 2 | AL26: 570 | AN26: GEG | AO26: Maximum age from U-Pb date on tuff clast in diamictite. Minimum age given as ~570 Ma or younger? | AP26: Yes | AQ26: 38 | AR26: Deep marine | AS26: Gaskiers | AT26: 581 | AU26: 579
A27: 73 | B27: Starye Pechi Formation | D27: glacial | E27: Baltica | F27: 58.87 | G27: 58.51 | H27: MEIH | I27: Could be interpreted as LEGH following tentative chemostratigraphic constraints - see Supplementary Information | J27: 3 | K27: WH02: see Supplementary Information | L27: 3 | M27: Tindal 2023 | N27: 3 | P27: Yes | Q27: NE29d | R27: 671 | S27: 24 | T27: 557 | U27: 13 | V27: ★★★☆☆ diamictite and dropstones with clasts of unreported roundness from 2 lithological groups, some of which are striated | X27: Yes | AB27: No age constraints given or plotted. | AC27: Yes | AD27: Bou Azzer | AE27: 566 | AF27: 564 | AG27: Evidence cited for deposits of this glaciation are dropped pebbles; low chemical index of alteration; diamictite. | AH27: Yes | AI27: 15 | AJ27: 598.1 | AK27: 6 | AL27: 567.2 | AM27: 3.9 | AN27: GEG | AO27: Maximum age constraint from tuff zircon U-Pb. Minimum age constraint from tuff zircon U-Pb. Combined Tany, Koiva, and Lower Starye Pechi formations; separated here. | AP27: Yes | AQ27: 6 | AR27: Marine glacial | AS27: Bou Azzer | AT27: 565 | AU27: 560 | AV27: Combined Starye Pechi and Sylvitsa Group; separated here and Sylvitsa Group not considered to be plausibly Gaskiers in age.
A28: 76 | B28: Tany Formation | D28: glacial | E28: Baltica | F28: 58.87 | G28: 58.51 | H28: MEIH | J28: 3 | K28: WH02: see Supplementary Information | L28: 4 | M28: WH01: Tindal 2023 split into lower 4* and upper 2* diamictites; combined here. | N28: 4 | O28: Tindal 2023 split into lower 4* and upper 2* diamictites; combined here. | P28: Yes | Q28: NE29ab | R28: 671 | S28: 24 | T28: 559 | U28: 16 | V28: ★★★★☆ diamictite and dropstones with clasts of unreported roundness from 4 lithological groups, some of which are striated (upper member). ★★☆☆☆ diamictite and dropstones with clasts of unreported roundness from one lithological group (lower member). | X28: Yes | AB28: No age constraints given or plotted. | AC28: Yes | AD28: Gaskiers | AE28: 581 | AF28: 579 | AG28: Evidence cited for deposits of this glaciation are tillite; dropped pebbles; low chemical index of alteration; ice wedges; paleokarst. | AH28: Yes | AI28: 15 | AJ28: 598.1 | AK28: 6 | AL28: 567.2 | AM28: 3.9 | AN28: GEG | AO28: Maximum age constraint from tuff zircon U-Pb. Minimum age constraint from tuff zircon U-Pb. Combined Tany, Koyva, and Lower Starye Pechi formations; separated here. | AP28: Yes | AQ28: 7 | AR28: Marine glacial | AS28: Gaskiers | AT28: 581 | AU28: 579 | AV28: Combined Tany and Koyva formations; separated here.
A29: 77 | B29: Tiddiline Group | D29: glacial | E29: West Gondwana | F29: -6.51 | G29: 30.56 | H29: MEIH | J29: 4 | K29: WH02: see Supplementary Information | L29: 3 | M29: Tindal 2023 | N29: 3 | P29: Yes | Q29: NA1a | R29: 592.84 | S29: 0.17 | T29: 579.4 | U29: 1.2 | V29: ★★★☆☆ possible varves, and diamictite with angular to rounded clasts from 2 lithological groups, some of which are facetted or striated | X29: Yes | Y29: Tiddiline | Z29: 593 | AA29: 579 | AB29: Age constraints cite Letsch et al 2018 | AC29: No | AG29: Possibly but not explicitly included in Ouarzazate Group sediments. | AH29: Yes | AI29: 29 | AJ29: 592.31 | AK29: 0.18 | AL29: 579.4 | AM29: 1.2 | AN29: GEG | AO29: Maximum and minimum age constraints from U-Pb zircons. | AP29: Yes | AQ29: 31 | AR29: Mountain and terrestrial glacial | AS29: Gaskiers | AT29: 581 | AU29: 579 | AV29: Possible Gaskiers assignment.
A30: 79 | B30: Trinity diamictite | C30: Rocky Harbour Group | D30: glacial | E30: Avalonia | F30: -53.37978 | G30: 48.376619 | H30: MEIH | J30: 4 | K30: WH02: see Supplementary Information | L30: 4 | M30: Tindal 2023 | N30: 4 | P30: Yes | Q30: NF21 | R30: 579.63 | S30: 0.15 | T30: 579.24 | U30: 0.17 | V30: ★★★★☆ diamictite and dropstones with well-rounded clasts from 3 lithological groups, some of which are striated | X30: Yes | Y30: Gaskiers | Z30: 579.63 | AA30: 579.88 | AB30: Following age constraints of Pu et al 2016 | AC30: No | AH30: No | AP30: Yes | AQ30: 35 | AR30: Cordillera-type mountain ice sheets | AS30: Gaskiers | AT30: 581 | AU30: 579
A31: 85 | B31: Xichangjing Formation | D31: glacial | E31: Altaids | F31: 96.1 | G31: 41.9 | H31: MEIH | J31: 4 | K31: WH02: see Supplementary Information | L31: 4 | M31: WH01: ★★★★☆ Deformed beds interpreted as glaciotectonism, and diamictite with subangular to rounded clasts from 4 lithological groups, some of which are facetted or striated. Evidence (Niu et al 2024) not originally available. | P31: No | X31: No | AC31: No | AH31: No | AP31: Yes | AQ31: 13 | AR31: Cordillera-type mountain ice sheets | AS31: Gaskiers | AT31: 581 | AU31: 579
A32: 89 | B32: Zukow Formation | C32: Zukowska Formation; Białystok Formation | D32: glacial | E32: Baltica | F32: 23.338792 | G32: 51.607848 | H32: MEIH | I32: Following Francovschi et al 2023; 2024 | J32: 2 | K32: WH02: see Supplementary Information | L32: 2 | M32: Tindal 2023 | N32: 2 | P32: Yes | Q32: NE22 | T32: 485.4 | U32: 1.9 | V32: ★★☆☆☆ diamictite with subangular to rounded clasts from 2 lithological groups, some of which are facetted | X32: No | AC32: No | AH32: No | AP32: No
A33: 93 | B33: Mercantile diamictite | C33: Rocky Harbour Group | D33: glacial | E33: Avalonia | F33: -53.578495 | G33: 48.357598 | H33: MEIH | I33: Following dates and correlations of Gomez et al 2025a,b, 2026 | J33: 4 | K33: WH02: see Supplementary Information | M33: Insufficient information published at time of submission | P33: No | X33: No | AC33: No | AH33: No | AP33: No
A34: 2 | B34: Baykonur Formation | C34: Baikonur Formation; Dzetymtay Formation; Rang Formation [sic] | D34: glacial | E34: Altaids | H34: LEIH | I34: Historically poorly constrained; often assumed to be late Ediacaran which is now supported by detrital zircon U-Pb dates by Alexeiev et al 2025 | J34: 4 | K34: Tindal 2023 | L34: 4 | M34: Tindal 2023 | N34: 4 | P34: Yes | Q34: NC14 | R34: 629 | S34: 8 | T34: 509 | U34: 5 | V34: ★★★★☆ diamictite and dropstones with angular to rounded clasts from 3 lithological groups, some of which are facetted or striated | X34: No | AC34: Yes | AD34: Hankalchough | AE34: 555 | AF34: 549 | AG34: Evidence cited for deposits of this glaciation are frost boils; needle ice casts; dropped pebbles; low chemical index of alteration; glacial pavement; diamictite. | AH34: Yes | AI34: 27 | AJ34: 560 | AL34: 560 | AN34: GEG | AO34: Age given as approximately 560 Ma following regional stratigraphy. | AP34: Yes | AQ34: 10 | AR34: Cordillera-type mountain ice sheets | AS34: Hankalchough | AT34: 562 | AU34: 551 | AV34: Possible Hankalchough assignment.
A35: 4 | B35: Billy Springs Formation | D35: glacial | E35: East Gondwana | H35: LEIH | J35: 3 | K35: Tindal 2023 | L35: 3 | M35: Tindal 2023 | N35: 3 | P35: Yes | Q35: ND15 | R35: 794 | S35: 4 | T35: 541 | U35: 1 | V35: ★★★☆☆ rhythmite (possibly varves), and diamictite and dropstones with angular to subrounded clasts from 2 lithological groups, some of which are facetted | X35: No | AC35: Yes | AD35: Bou Azzer | AE35: 566 | AF35: 564 | AG35: Evidence cited for deposits of this glaciation are dropped pebbles; low chemical index of alteration; diamictite. | AH35: Yes | AI35: 4 | AJ35: 562 | AN35: GEG | AO35: Maximum age constraint from maximum age of the underlying Wonoka Formation. No minimum age constraint. | AP35: Yes | AQ35: 20 | AR35: Marine glacial | AS35: Bou Azzer | AT35: 565 | AU35: 560
A36: 16 | B36: Dhaiqa Formation | D36: glacial | E36: Arabian Shield | H36: LEIH | J36: 3 | K36: Tindal 2023 | L36: 3 | M36: Tindal 2023 | N36: 3 | P36: Yes | Q36: NC3b | R36: 570 | S36: 4.6 | T36: 560 | U36: 4 | V36: ★★★☆☆ diamictite and dropstones with subrounded to rounded clasts from 3 lithological groups | X36: Yes | Y36: unnamed | Z36: 570 | AB36: Age constraints follow Vickers-Rich & Fedonkin 2007 and Miller et al 2008; possible confusion over interpretation of Vickers-Rich & Fedonkin date as being pre-/syn-depositional rather than post-depositional. | AC36: No | AH36: Yes | AI36: 2 | AJ36: 560 | AN36: GEG | AO36: Maximum age constraint from U-Pb date of Vickers-Rich et al 2010. No minimum age constraint provided. | AP36: Yes | AQ36: 25 | AR36: Cordillera-type mountain ice sheets | AS36: Bou Azzer | AT36: 565 | AU36: 560 | AV36: Possible Bou Azzer assingment.
A37: 28 | B37: Granville Formation | D37: glacial | E37: Cadomia | H37: LEIH | J37: 3 | K37: Tindal 2023 | L37: 3 | M37: Tindal 2023 | N37: 3 | P37: Yes | Q37: NE19 | T37: 617 | U37: 12 | V37: ★★★☆☆ diamictite with rounded to well-rounded clasts from 3 lithological groups, some of which are striated | X37: Yes | Y37: Granville | AB37: No age constraints given or plotted. | AC37: No | AH37: No | AP37: Yes | AQ37: 27 | AR37: Cordillera-type mountain ice sheets | AS37: Bou Azzer | AT37: 565 | AU37: 560
A38: 30 | B38: Hankalchough Formation | C38: Quruqtagh Group | D38: glacial | E38: Tarim | H38: LEIH | J38: 3 | K38: WH01 | L38: 3 | M38: WH01: ★★★☆☆ diamictite and dropstones with angular clasts from 3 lithological groups. | N38: 2 | P38: Yes | Q38: NC20d | R38: 615 | S38: 6 | T38: 541 | U38: 1 | V38: ★★☆☆☆ diamictite with angular clasts from 3 lithological groups | X38: Yes | AB38: No age constraints given or plotted. | AC38: Yes | AD38: Hankalchough | AE38: 555 | AF38: 549 | AG38: Evidence cited for deposits of this glaciation are frost boils; needle ice casts; dropped pebbles; low chemical index of alteration; glacial pavement; diamictite. | AH38: Yes | AI38: 28 | AJ38: 562 | AN38: GEG | AO38: Maximum age constraint from termination of Shuram carbon isotope excursion. No minimum age constraint. | AP38: Yes | AQ38: 14 | AR38: Terrestrial glacial | AS38: Hankalchough | AT38: 562 | AU38: 551
A39: 32 | B39: Hongtiegou Formation | D39: glacial | E39: Qaidam | H39: LEIH | I39: Following Wang et al 2021 PrecRes; assumption that deposition was close before fossil-bearing Zhoujieshan Formation | J39: 0 | K39: Tindal 2023; retained as low score may reflect lack of published detail | L39: 0 | M39: Tindal 2023 | N39: 0 | P39: Yes | Q39: NC31 | R39: 1640 | S39: 15 | T39: 509 | U39: 5 | V39: ☆☆☆☆☆ diamictite with subangular to subrounded clasts from one lithological group | X39: No | AC39: Yes | AD39: Hankalchough | AE39: 555 | AF39: 549 | AG39: Evidence cited for deposits of this glaciation are frost boils; needle ice casts; dropped pebbles; low chemical index of alteration; glacial pavement; diamictite. | AH39: Yes | AI39: 17 | AJ39: 560 | AL39: 560 | AN39: GEG | AO39: Age given as approximately 560 Ma. Fossil evidence used to suggest older than 547 Ma in the notes. | AP39: Yes | AQ39: 16 | AR39: Terrestrial and marine glacial | AS39: Hankalchough | AT39: 562 | AU39: 551
A40: 33 | B40: Hrushka Formation | C40: Gruska Formation; Slutsk-Kholonevychi diamictite | D40: glacial | E40: Baltica | H40: LEIH | J40: 3 | K40: WH01 | L40: 3 | M40: WH01: ★★★☆☆ rhythmically banded shales (possibly varves), and diamictite with rounded to angular clasts from 3 lithological groups, some of which are facetted. | N40: 1 | P40: Yes | Q40: NE25 | R40: 1018 | S40: 20 | T40: 573 | U40: 14 | V40: ★☆☆☆☆ diamictite with angular to subangular clasts from 2 lithological groups | X40: No | AC40: No | AH40: No | AP40: No
A41: 39 | B41: Kahar Formation | D41: glacial | E41: Irania | H41: LEIH | J41: 3 | K41: Tindal 2023 | L41: 3 | M41: Tindal 2023 | N41: 3 | P41: Yes | Q41: NC11 | R41: 550.3 | S41: 3.6 | T41: 541 | U41: 1 | V41: ★★★☆☆ small striated surfaces, and diamictite with angular to subrounded clasts from 3 lithological groups | X41: Yes | Y41: unnamed | AA41: 559 | AB41: Citing Etemad-Saeed et al 2016 for age constraints but plotting an unrecognised ~559 Ma minimum age constraint. Following Etemad-Saeed et al 2016, deposition is dated between 563.1 ± 3.9 Ma to 550.3 ± 3.6 Ma. | AC41: No | AH41: Yes | AI41: 18 | AJ41: 563.1 | AK41: 3.9 | AN41: GEG | AO41: Maximum age constraint from detrital zircons in underlying formation | AP41: Yes | AQ41: 26 | AR41: Cordillera-type mountain ice sheets | AS41: Bou Azzer | AT41: 565 | AU41: 560 | AV41: Possible Bou Azzer assignment
A42: 48 | B42: Luoquan Formation | C42: Qinling | D42: glacial | E42: North China | H42: LEIH | I42: Assumption that deposition was close before fossil-bearing Dongpo Formation | J42: 4 | K42: Tindal 2023 | L42: 4 | M42: Tindal 2023 | N42: 4 | P42: Yes | Q42: NC34 | R42: 645 | S42: 28 | T42: 509 | U42: 5 | V42: ★★★★☆ large striated pavements, gravel-sand wedges, varves, and diamictite and dropstones with angular to rounded clasts from 2 lithological groups, some of which are striated | X42: Yes | AB42: No age constraints given or plotted. | AC42: Yes | AD42: Hankalchough | AE42: 555 | AF42: 549 | AG42: Evidence cited for deposits of this glaciation are frost boils; needle ice casts; dropped pebbles; low chemical index of alteration; glacial pavement; diamictite. | AH42: Yes | AI42: 23 | AJ42: 560 | AL42: 560 | AN42: GEG | AO42: Age given as approximately 560 Ma following biostratigraphic and chemostratigraphic constraints. Luoquan and Zhengmuguan formations grouped here. | AP42: Yes | AQ42: 17 | AR42: Terrestrial and marine glacial | AS42: Hankalchough | AT42: 562 | AU42: 551 | AV42: Luoquan and Zhengmuguan formations grouped together.
A43: 54 | B43: Moelv Formation | D43: glacial | E43: Baltica | H43: LEIH | I43: Following correlation with Mortensnes Formation which may not be correct; see also Greiling et al 2024 | J43: 4 | K43: Tindal 2023 | L43: 4 | M43: Tindal 2023 | N43: 4 | P43: Yes | Q43: NE10 | R43: 620 | S43: 14 | T43: 612 | U43: 18 | V43: ★★★★☆ small striated surfaces, single sandstone wedge, and diamictite and lonestones with clasts of unreported roundness from 4 lithological groups | X43: Yes | Y43: Varangerian | Z43: 560.6 | AB43: Following the Re-Os age of 560.6 ± 4.4 Ma date for the underlying Biri Formation from Hannah et al 2008 as stated in the text. However, Youbi et al plot the older 620 ± 14 Ma U-Pb detrital zircon age from Bingen et al 2005. | AC43: No | AG43: Mentioned in the text but not included in the compilation. Noted as of uncertain Ediacaran or Cryogenian age. | AH43: Yes | AI43: 12 | AJ43: 620 | AL43: 560 | AN43: GEG | AO43: Age constraints from U-Pb and Lu-Hf on detrital zircons; no details provided. | AP43: Yes | AQ43: 2 | AR43: Marine glacial | AS43: Gaskiers | AT43: 581 | AU43: 579 | AV43: Possible Gaskiers assignment.
A44: 55 | B44: Mortensnes Formation | D44: glacial | E44: Baltica | H44: LEIH | I44: Assumes that carbon isotope data indicate a post- or syn-Shuram age assignment. Palaeontological data facilitate an earlier, early or mid-Ediacaran, age. | J44: 3 | K44: Tindal 2023 | L44: 3 | M44: Tindal 2023 | N44: 3 | P44: Yes | Q44: NE2b | R44: 654 | S44: 7 | T44: 560 | U44: 0.01 | V44: ★★★☆☆ diamictite with clasts of unreported roundness from 2 lithological groups, some of which are facetted or striated | X44: Yes | Y44: Varangerian | AB44: No age constraints given or plotted. | AC44: No | AG44: Mentioned in the text but not included in the compilation. Noted as of uncertain Ediacaran or Cryogenian age. | AH44: Yes | AI44: 11 | AJ44: 630 | AL44: 560 | AN44: GEG | AO44: No age constraint details provided. | AP44: Yes | AQ44: 1 | AR44: Cordillera-type mountain ice sheets | AS44: Gaskiers | AT44: 581 | AU44: 579 | AV44: Possible Gaskiers assignment.
A45: 62 | B45: Orellana Formation | C45: Orellana tillite | D45: glacial | E45: Cadomia | H45: LEIH | J45: 2 | K45: Tindal 2023 | L45: 2 | M45: Tindal 2023 | N45: 2 | P45: Yes | Q45: NE20 | R45: 565 | S45: 4 | T45: 485.4 | U45: 1.9 | V45: ★★☆☆☆ diamictite and dropstones with clasts of unreported roundness from one lithological group, some of which are facetted | X45: Yes | Y45: Weesenstein-Orellana/Cadomian | Z45: 569 | AA45: 560 | AB45: Age constraints follow uncertainty of Linnemann et al 2018, though uncertain exactly which date(s) chosen for plot. | AC45: Yes | AD45: Bou Azzer | AE45: 566 | AF45: 564 | AG45: Evidence cited for deposits of this glaciation are dropped pebbles; low chemical index of alteration; diamictite. | AH45: Yes | AI45: 16 | AJ45: 565 | AL45: 540 | AN45: GEG | AO45: Age constraints from Linnemann et al 2018. Weesenstein-Clanzschite[sic]-Orellana diamictites grouped together. | AP45: Yes | AQ45: 29 | AR45: Cordillera-type mountain ice sheets | AS45: Bou Azzer | AT45: 565 | AU45: 560
A46: 63 | B46: Ouarzazate Group | D46: glacial | E46: West Gondwana | H46: LEIH | J46: 4 | K46: WH01 | L46: 4 | M46: WH01: ★★★★☆ Small striated surfaces with crescentic gouges, and diamictite with subangular to subrounded clasts from 3 lithological groups, some of which are striated. | N46: 3 | P46: Yes | Q46: NA1b | R46: 592.31 | S46: 0.18 | T46: 574.9 | U46: 3 | V46: ★★★☆☆ basement roche moutoneé, and diamictite with very angular to well-rounded clasts from 2 lithological groups, some of which are facetted | W46: Included as Izdar Member but these are separated here. | X46: Yes | Y46: Bou Azzer | Z46: 579.4 | AA46: 578.6 | AB46: Age follows Inglis et al 2004 dating of Bleida granodiorite (579.4 ± 1.2 Ma) and Youbi et al 2020 dating of Ouarzazate Group rhyodacite BP13 of 578.6 ± 4.8 Ma. | AC46: Yes | AD46: Bou Azzer | AE46: 566 | AF46: 564 | AG46: Evidence cited for deposits of this glaciation are dropped pebbles; low chemical index of alteration; diamictite. | AH46: Yes | AI46: 30 | AJ46: 565 | AK46: 6 | AL46: 561 | AM46: 9.5 | AN46: GEG | AO46: Maximum and minimum age constraints from U-Pb zircons. | AP46: Yes | AQ46: 30 | AR46: Cordillera-type mountain ice sheets | AS46: Bou Azzer | AT46: 565 | AU46: 560
A47: 78 | B47: Tillery Formation | D47: glacial | E47: Avalonia | H47: LEIH | K47: WH02: removed from compilation | L47: 0 | M47: WH01: ☆☆☆☆☆. Included here because it was included in a recent compilation. Rated 0 following Tindal 2023 methodology as it was not interpreted as potentially glaciogenic in studies with primary sedimentology data. | P47: No | X47: No | AC47: Yes | AD47: Hankalchough | AE47: 555 | AF47: 549 | AG47: Evidence cited for deposits of this glaciation are frost boils; needle ice casts; dropped pebbles; low chemical index of alteration; glacial pavement; diamictite. | AH47: No | AP47: Yes | AQ47: 39 | AR47: Marine glacial | AS47: Hankalchough | AT47: 562 | AU47: 551
A48: 87 | B48: Zabit Formation | C48: Bokson Group; Bokson diamictite | D48: glacial | E48: Altaids | H48: LEIH | J48: 4 | K48: Tindal 2023 | L48: 4 | M48: Tindal 2023 | N48: 4 | P48: Yes | Q48: NC25 | R48: 718 | S48: 30 | T48: 509 | U48: 5 | V48: ★★★★☆ rhythmically bedded shales (possibly varves), and diamictite and dropstones with subangular to rounded clasts from 3 lithological groups, some of which are facetted or striated | X48: No | AC48: No | AH48: Yes | AI48: 26 | AJ48: 560 | AL48: 560 | AN48: GEG | AO48: Age given as approximately 560 Ma following biostratigraphic and lithostratigraphic constraints. Note that stated biostratigraphic constraint = Cloudina in diamictite matrix which would generally imply an age <550 Ma. | AP48: Yes | AQ48: 8 | AR48: Marine glacial | AS48: Hankalchough | AT48: 562 | AU48: 551 | AV48: Possible Hankalchough assignment.
A49: 88 | B49: Zhengmuguan Formation | C49: Zhengmugan Formation | D49: glacial | E49: North China | H49: LEIH | I49: Assumption that deposition was close before fossil-bearing Tuerkeng Formation | J49: 3 | K49: WH01 | L49: 3 | M49: WH01: ★★★☆☆ Small smooth surfaces, and diamictite and dropstones with angular to rounded clasts from 2 lithological groups. | N49: 2 | P49: Yes | Q49: NC30 | R49: 818 | S49: 4 | T49: 509 | U49: 5 | V49: ★★☆☆☆ diamictite and dropstones with rounded clasts from 2 lithological groups | X49: No | AB49: Included in text alongside Luoquan diamictite. | AC49: Yes | AD49: Hankalchough | AE49: 555 | AF49: 549 | AG49: Evidence cited for deposits of this glaciation are frost boils; needle ice casts; dropped pebbles; low chemical index of alteration; glacial pavement; diamictite. | AH49: Yes | AI49: 23 | AJ49: 560 | AL49: 560 | AN49: GEG | AO49: Age given as approximately 560 Ma following biostratigraphic and chemostratigraphic constraints. Luoquan and Zhengmuguan formations grouped here. | AP49: Yes | AQ49: 16 | AR49: Terrestrial and marine glacial | AS49: Hankalchough | AT49: 562 | AU49: 551 | AV49: Luoquan and Zhengmuguan formations grouped together.
A50: 20 | B50: Egan Formation | D50: glacial | E50: East Gondwana | F50: =AVERAGE(_xlfn.XLOOKUP($B50, meih_occurrences!$C:$C, meih_occurrences!$G:$G, "", 0)) -> 126.7 | G50: =AVERAGE(_xlfn.XLOOKUP($B50, meih_occurrences!$C:$C, meih_occurrences!$H:$H, "", 0)) -> -18.7 | H50: Ediacaran | I50: Assigned Ediacaran due to poor age constraints; Corkeron 2011 correlation would suggest MEIH | J50: 3 | K50: Tindal 2023 | L50: 3 | M50: Tindal 2023 | N50: 3 | P50: Yes | Q50: ND3b | R50: 1857 | S50: 5 | T50: 513 | U50: 12 | V50: ★★★☆☆ small striated surfaces, and diamictite with subangular to subrounded clasts from 2 lithological groups, some of which are facetted or striated | X50: Yes | Y50: Egan | AB50: No age constraints given or plotted. | AC50: Yes | AD50: Fauquier | AE50: 572 | AF50: 570 | AG50: Age constraint from stromatolite biostratigraphy. Evidence cited for deposits of this glaciation are tillite; dropped pebbles; low chemical index of alteration; paleokarst. | AH50: Yes | AI50: 3 | AN50: GEG | AO50: Highly uncertaint age; carbon isotope data not helpful; considered post-Marinoan and possibly Ediacaran | AP50: Yes | AQ50: 18 | AR50: Marine glacial | AS50: Fauquier | AT50: 571 | AU50: 571 | AV50: Possible Fauquier assignment
A51: 22 | B51: Esfordi Formation | D51: glacial | E51: Irania | F51: =AVERAGE(_xlfn.XLOOKUP($B51, meih_occurrences!$C:$C, meih_occurrences!$G:$G, "", 0)) -> 56 | G51: =AVERAGE(_xlfn.XLOOKUP($B51, meih_occurrences!$C:$C, meih_occurrences!$H:$H, "", 0)) -> 32 | H51: Ediacaran | I51: No more precise information available | J51: 3 | K51: Tindal 2023 | L51: 3 | M51: Tindal 2023 | N51: 3 | P51: Yes | Q51: NC10 | R51: 635 | S51: 5 | T51: 541 | U51: 1 | V51: ★★★☆☆ diamictite and dropstones with subrounded to rounded clasts from 4 lithological groups | X51: No | AC51: No | AH51: No | AP51: No
A52: 37 | B52: Ishim River diamictite | D52: glacial | E52: Altaids | F52: =AVERAGE(_xlfn.XLOOKUP($B52, meih_occurrences!$C:$C, meih_occurrences!$G:$G, "", 0)) -> 69 | G52: =AVERAGE(_xlfn.XLOOKUP($B52, meih_occurrences!$C:$C, meih_occurrences!$H:$H, "", 0)) -> 44 | H52: Ediacaran | I52: By regional lithostratigraphic correlation within the Baykonur Formation | J52: 3 | K52: Tindal 2023 | L52: 3 | M52: Tindal 2023 | N52: 3 | P52: Yes | Q52: NC13 | T52: 485.4 | U52: 1.9 | V52: ★★★☆☆ thinly laminated silty shales, and diamictite and lonestones with angular to rounded clasts from 3 lithological groups | X52: No | AC52: No | AH52: No | AP52: No
A53: 66 | B53: Rang Formation | C53: Dzetymtay Formation; Ran Formation | D53: glacial | E53: Altaids | F53: =AVERAGE(_xlfn.XLOOKUP($B53, meih_occurrences!$C:$C, meih_occurrences!$G:$G, "", 0)) -> 69 | G53: =AVERAGE(_xlfn.XLOOKUP($B53, meih_occurrences!$C:$C, meih_occurrences!$H:$H, "", 0)) -> 44 | H53: Ediacaran | I53: Poorly constrained | J53: 3 | K53: Tindal 2023 | L53: 3 | M53: Tindal 2023 | N53: 3 | P53: Yes | Q53: NC17 | R53: 629 | S53: 8 | T53: 509 | U53: 5 | V53: ★★★☆☆ rhythmically laminated siltstones and sandstones (possibly varves), and diamictite with angular to rounded clasts from 4 lithological groups | X53: No | AC53: No | AH53: No | AP53: Yes | AQ53: 11 | AR53: uncertain | AS53: Gaskiers | AT53: 581 | AU53: 579 | AV53: Possible Gaskiers assignment.
A54: 75 | B54: Talisayi Formation | D54: glacial | E54: Altaids | F54: 80.97 | G54: 44.34 | H54: Ediacaran | I54: Most likely late Ediacaran following Zhu & Wang 2011 correlation with Hankalchough Formation but an earlier age cannot be ruled out | J54: 4 | K54: WH02: see Supplementary Information | L54: 4 | M54: Tindal 2023 | N54: 4 | P54: Yes | Q54: NC21c | R54: 592 | S54: 5 | T54: 509 | U54: 5 | V54: ★★★★☆ diamictite and dropstones with angular to rounded clasts from 3 lithological groups, some of which are striated | X54: No | AC54: No | AH54: No | AP54: Yes | AQ54: 12 | AR54: Cordillera-type mountain ice sheets | AS54: Gaskiers | AT54: 581 | AU54: 579
A55: 92 | B55: Fengtai Formation | D55: glacial | E55: North China | F55: 116.78806 | G55: 32.647222 | H55: Ediacaran | I55: Possibly LEIH by correlation with nearby North China craton deposits but not well constrained itself | J55: 2 | K55: WH02: see Supplementary Information | P55: No | X55: No | AC55: No | AH55: No | AP55: No
A56: 3 | B56: Biexibastao Formation | D56: glacial | E56: Altaids | H56: Cryogenian | I56: Following Zhu & Wang 2011 and additional dates in He et al 2015 | J56: 2 | K56: Tindal 2023 | L56: 2 | M56: Tindal 2023 | N56: 2 | P56: Yes | Q56: NC21b | T56: 509 | U56: 5 | V56: ★★☆☆☆ diamictite and dropstones with angular to subrounded clasts from 2 lithological groups | X56: No | AC56: No | AH56: No | AP56: No
A57: 5 | B57: Blon Formation | C57: Vilchitsy Group; Vil'chitsy Group | D57: glacial | E57: Baltica | H57: Cryogenian | I57: Following Francovschi et al 2023; 2024 | J57: 3 | K57: Tindal 2023 | L57: 3 | M57: Tindal 2023 | N57: 3 | P57: Yes | Q57: NE24a | R57: 977 | S57: 6 | T57: 551 | U57: 4 | V57: ★★★☆☆ diamictite and lonestones with angular to well-rounded clasts from 3 lithological groups | X57: No | AC57: No | AH57: Yes | AI57: 13 | AJ57: 555 | AN57: GEG | AO57: Combined as Vil'chitsy Group. No maximum age constraint. Possibly minimum age constraint from U-Pb zircon date from Ust'Pinega. | AP57: No
A58: 6 | B58: Boondawari Formation | D58: glacial | E58: East Gondwana | H58: Cryogenian | I58: Following Hill et al 2011; glacial units at base of formation; upper parts of formation are likely Ediacaran | J58: 4 | K58: Tindal 2023 | L58: 4 | M58: Tindal 2023 | N58: 4 | P58: Yes | Q58: ND13 | T58: 508 | U58: 8 | V58: ★★★★☆ rhythmite (possibly varves), and diamictite with clasts of unreported roundness from 4 lithological groups, some of which are facetted or striated | X58: No | AC58: No | AH58: No | AP58: No
A59: 7 | B59: Boord Formation | D59: glacial | E59: East Gondwana | H59: Cryogenian | I59: Following Hill et al 2011 | J59: 4 | K59: Tindal 2023 | L59: 4 | M59: Tindal 2023 | N59: 4 | P59: Yes | Q59: ND11a | T59: 485.4 | U59: 5 | V59: ★★★★☆ diamictite with angular to rounded clasts from 4 lithological groups, some of which are facetted or striated | X59: No | AC59: No | AH59: No | AP59: No
A60: 10 | B60: Chameis Gate Member | D60: glacial | E60: Kalahari | H60: Cryogenian | I60: Poorly constrained; lithostratigraphically correlated with Numees Formation; possibly MEIH following Frimmel 2011b; Macdonald et al 2010 and Hoffman et al 2017 consider the Numees Formation (and by implication the Chameis Gate Member) Sturtian | J60: 4 | K60: Tindal 2023 | L60: 4 | M60: Tindal 2023 | N60: 4 | P60: Yes | Q60: NA23 | R60: 610 | S60: 30 | T60: 575 | U60: 2 | V60: ★★★★☆ diamictite and dropstones with angular to rounded clasts from 4 lithological groups | X60: No | AC60: No | AH60: No | AP60: No
A61: 11 | B61: Churochnaya Formation | D61: glacial | E61: Baltica | H61: Cryogenian | I61: Following Sergeev et al 2013; but note that correlation with the Serebryanka Group (Tany and Koyva formations) is also plausible and would make this MEIH; see Chumakov 2011 | J61: 4 | K61: Tindal 2023 | L61: 4 | M61: Tindal 2023 | N61: 4 | P61: Yes | Q61: NE28 | R61: 660 | S61: 30 | T61: 610 | U61: 20 | V61: ★★★★☆ rhythmically banded shales (possibly varves), and diamictite and dropstones with angular to rounded clasts from 3 lithological groups, some of which are facetted or striated | X61: Yes | AB61: No age constraints given or plotted. | AC61: No | AH61: No | AP61: No
A62: 13 | B62: Cottons Breccia | D62: glacial | E62: East Gondwana | H62: Cryogenian | I62: Following detrital zircon dates; younger age up to MEIH also possible | J62: 4 | K62: Tindal 2023 | L62: 4 | M62: Tindal 2023 | N62: 4 | P62: Yes | Q62: ND21 | R62: 645 | S62: 15 | T62: 575 | U62: 3 | V62: ★★★★☆ diamictite and dropstones with clasts of unreported roundness from 3 lithological groups, some of which are striated | X62: No | AB62: Possible rolled in with the Croles Hill diamictite on Tasmania but this is not made clear. | AC62: No | AH62: Yes | AI62: 7 | AL62: 575 | AM62: 3 | AN62: GEG | AO62: Maximum age unconstrained. Estimate of 600 Ma or 586 Ma to 572 Ma for depositional age. Minimum age from U-Pb zircon. | AP62: Yes | AQ62: 24 | AR62: Marine glacial | AS62: uncertain | AV62: Included in compilation but not assigned to a glacial interval.
A63: 23 | B63: Fargoo Formation | D63: glacial | E63: East Gondwana | H63: Cryogenian | I63: Following Corkeron 2011 | J63: 4 | K63: Tindal 2023 | L63: 4 | M63: Tindal 2023 | N63: 4 | P63: Yes | Q63: ND2 | T63: 485.4 | U63: 1.9 | V63: ★★★★☆ small striated surfaces with chattermarks, and diamictite with subangular to subrounded clasts from 3 lithological groups, some of which are facetted or striated | X63: No | AC63: No | AH63: No | AP63: No
A64: 25 | B64: Fersiga Group | C64: Fersiga Formation | D64: glacial | E64: West Gondwana | H64: Cryogenian | I64: Following Shields-Zhou et al 2011; see also radiometric constraints herein | J64: 4 | K64: Tindal 2023 | L64: 4 | M64: Tindal 2023 | N64: 4 | P64: Yes | Q64: NA3 | R64: 635 | S64: 5 | T64: 509 | U64: 5 | V64: ★★★★☆ small striated surfaces, and diamictite with clasts of unreported roundness from 3 lithological groups, some of which are striated | X64: No | AC64: Yes | AD64: Hankalchough | AE64: 555 | AF64: 549 | AG64: Evidence cited for deposits of this glaciation are frost boils; needle ice casts; dropped pebbles; low chemical index of alteration; glacial pavement; diamictite. | AH64: Yes | AI64: 32 | AJ64: 556 | AK64: 12 | AL64: 519 | AM64: 11 | AN64: GEG | AO64: Maximum age constraint from zircon U-Pb date. Minimum age constraint from Cambrian fossils and whole rock Rb-Sr date. | AP64: Yes | AQ64: 32 | AR64: Mountain and terrestrial glacial | AS64: Hankalchough | AT64: 562 | AU64: 551 | AV64: Pourpree l'Ahnet and Fersiga groups combined.
A65: 41 | B65: Kurgashlya Formation | D65: glacial | E65: Baltica | H65: Cryogenian | I65: Poorly constrained; following Maslov 2004 | J65: 3 | K65: Tindal 2023 | L65: 3 | M65: Tindal 2023 | N65: 3 | P65: Yes | Q65: NE30 | R65: 680 | S65: 60 | T65: 580 | U65: 0.01 | V65: ★★★☆☆ diamictite and dropstones with angular to subrounded clasts from 3 lithological groups, some of which are striated | X65: No | AC65: No | AH65: Yes | AI65: 14 | AN65: GEG | AO65: No age constraint details provided. | AP65: Yes | AQ65: 5 | AR65: Marine glacial | AS65: uncertain | AV65: Included in compilation but not assigned to a glacial interval.
A66: 42 | B66: Landrigan Formation | D66: glacial | E66: East Gondwana | H66: Cryogenian | I66: Following Hill et al 2011 | J66: 3 | K66: Tindal 2023 | L66: 3 | M66: Tindal 2023 | N66: 3 | P66: Yes | Q66: ND3a | R66: 1857 | S66: 5 | T66: 513 | U66: 12 | V66: ★★★☆☆ diamictite with angular to subrounded clasts from 3 lithological groups, some of which are facetted or striated | X66: No | AC66: No | AH66: No | AP66: No
A67: 43 | B67: Langmarkberg Formation | D67: glacial | E67: Baltica | H67: Cryogenian | I67: Following Greiling et al 2024 and date in Kumpulainen et al 2021. | J67: 4 | K67: Tindal 2023 | L67: 4 | M67: Tindal 2023 | N67: 4 | P67: Yes | Q67: NE7 | T67: 497 | U67: 5 | V67: ★★★★☆ small striated surfaces, and diamictite and lonestones with angular to rounded clasts from 4 lithological groups, some of which are facetted or striated | X67: No | AC67: No | AH67: No | AP67: No
A68: 45 | B68: Lillfjället Formation | D68: glacial | E68: Baltica | H68: Cryogenian | I68: Following Kumpulainen et al 2021 | J68: 2 | K68: Tindal 2023 | L68: 2 | M68: Tindal 2023 | N68: 2 | P68: Yes | Q68: NE8 | T68: 665 | U68: 10 | V68: ★★☆☆☆ diamictite with clasts of unreported roundness from 3 lithological groups, some of which are facetted | X68: Yes | Y68: Lillfjället | AA68: 596 | AB68: Citing the conference abstract Kumpulainen et al 2016 which has since been published as Kumpulainen et al 2021 | AC68: No | AH68: No | AP68: No
A69: 46 | B69: Little Burke Tillite | D69: glacial | E69: East Gondwana | H69: Cryogenian | I69: Following Hill et al 2011 | J69: 3 | K69: Tindal 2023 | L69: 3 | M69: Tindal 2023 | N69: 3 | P69: Yes | Q69: ND4a | T69: 509 | U69: 5 | V69: ★★★☆☆ diamictite with subrounded to rounded clasts from 3 lithological groups, some of which are facetted or striated | X69: No | AC69: No | AH69: No | AP69: No
A70: 51 | B70: Marnya Formation | D70: glacial | E70: Siberia | H70: Cryogenian | J70: 5 | K70: Tindal 2023 | L70: 5 | M70: Tindal 2023 | N70: 5 | P70: Yes | Q70: NC24 | R70: 696 | S70: 8.5 | T70: 509 | U70: 5 | V70: ★★★★★ 1.5m deep crevasses with breccia, and diamictite and dropstones with clasts of unreported roundness from 4 lithological groups, some of which are facetted or striated | X70: No | AC70: No | AH70: No | AP70: Yes | AQ70: 9 | AR70: Terrestrial and marine glacial | AS70: uncertain | AV70: Included in compilation but not assigned to a glacial interval.
A71: 52 | B71: Mechum River Formation | D71: glacial | E71: Laurentia | H71: Cryogenian | I71: Following Evans & Raub 2011 and stratigraphy in Wehr & Glover 1985 | J71: 4 | K71: Tindal 2023 | L71: 4 | M71: Tindal 2023 | N71: 4 | P71: Yes | Q71: NF18a | R71: 715 | S71: 15 | T71: 570 | U71: 0.01 | V71: ★★★★☆ diamictite and dropstones with subangular to subrounded clasts from 3 lithological groups, some of which are striated | X71: No | AC71: No | AG71: Mentioned in the text but not included in the compilation. Noted as possibly Cryogenian | AH71: No | AP71: No
A72: 56 | B72: Mount Cornish Formation | D72: glacial | E72: East Gondwana | H72: Cryogenian | I72: Following Hill et al 2011 | J72: 4 | K72: Tindal 2023 | L72: 4 | M72: Tindal 2023 | N72: 4 | P72: Yes | Q72: ND7a | T72: 485.4 | U72: 5 | V72: ★★★★☆ possible varves, and diamictite with clasts of unreported roundness from 4 lithological groups, some of which are facetted or striated | X72: No | AC72: No | AH72: No | AP72: No
A73: 59 | B73: Naburula Formation | D73: glacial | E73: East Gondwana | H73: Cryogenian | I73: Following Hill et al 2021 | J73: 4 | K73: Tindal 2023 | L73: 4 | M73: Tindal 2023 | N73: 4 | P73: Yes | Q73: ND8a | T73: 485.4 | U73: 5 | V73: ★★★★☆ diamictite with rounded clasts from 4 lithological groups, some of which are facetted or striated | X73: No | AC73: No | AH73: No | AP73: No
A74: 60 | B74: Numees Formation | D74: glacial | E74: Kalahari | H74: Cryogenian | I74: Poorly constrained; possibly MEIH following Frimmel 2011b but Macdonald et al 2010 and Hoffman et al 2017 consider it Sturtian | J74: 4 | K74: Tindal 2023 | L74: 4 | M74: Tindal 2023 | N74: 4 | P74: Yes | Q74: NA22b | R74: 728 | S74: 32 | T74: 555 | U74: 28 | V74: ★★★★☆ possible varves, and diamictite and dropstones with subrounded clasts from 4 lithological groups | X74: No | AC74: No | AH74: Yes | AI74: 19 | AL74: 555 | AM74: 28 | AN74: GEG | AO74: No maximum age constraint. Minimum age constraint from overlying ("cap") carbonate Pb-Pb date. | AP74: No
A75: 61 | B75: Oorabra Formation | D75: glacial | E75: East Gondwana | H75: Cryogenian | I75: Following Hill et al 2011; Kruse et al 2013 | J75: 3 | K75: Tindal 2023 | L75: 3 | M75: Tindal 2023 | N75: 3 | P75: Yes | Q75: ND9b | T75: 485.4 | U75: 5 | V75: ★★★☆☆ diamictite with clasts of unreported roundness from 2 lithological groups, some of which are facetted or striated | X75: No | AC75: No | AH75: No | AP75: No
A76: 67 | B76: Rockfish Conglomerate | C76: Lynchburg Group | D76: glacial | E76: Laurentia | H76: Cryogenian | I76: Following Evans & Raub 2011 and stratigraphy in Wehr & Glover 1985 | J76: 3 | K76: Tindal 2023 | L76: 3 | M76: Tindal 2023 | N76: 3 | P76: Yes | Q76: NF17 | R76: 730 | S76: 0.01 | T76: 542 | U76: 0.01 | V76: ★★★☆☆ rhythmite (possibly varves), and diamictite and dropstones with clasts of unreported roundness from one lithological group | X76: No | AC76: Yes | AD76: Fauquier | AE76: 572 | AF76: 570 | AG76: Evidence cited for deposits of this glaciation are tillite; dropped pebbles; low chemical index of alteration; paleokarst. | AH76: No | AP76: No
A77: 74 | B77: Storeelv Formation | D77: glacial | E77: Laurentia | H77: Cryogenian | I77: Following Stouge et al 2011 | J77: 4 | K77: Tindal 2023 | L77: 4 | M77: Tindal 2023 | N77: 4 | P77: Yes | Q77: NF26b | T77: 485.4 | U77: 1.9 | V77: ★★★★☆ small striated surfaces, and diamictite and dropstones with angular to rounded clasts from 4 lithological groups, some of which are striated | X77: No | AC77: No | AH77: No | AP77: No
A78: 80 | B78: Ulveso Formation | D78: glacial | E78: Laurentia | H78: Cryogenian | I78: Following Stouge et al 2011 | J78: 3 | K78: Tindal 2023 | L78: 3 | M78: Tindal 2023 | N78: 3 | P78: Yes | Q78: NF26a | T78: 485.4 | U78: 1.9 | V78: ★★★☆☆ diamictite with angular to subrounded clasts from one lithological group, some of which are striated | X78: No | AC78: No | AH78: No | AP78: No
A79: 83 | B79: Weija Tillite | C79: Togo Formation | D79: glacial | E79: Congo | H79: Cryogenian | I79: Following Trompette 1981 | J79: 3 | K79: Tindal 2023 | L79: 3 | M79: Tindal 2023 | N79: 3 | P79: Yes | Q79: NA12 | T79: 550 | U79: 50 | V79: ★★★☆☆ diamictite and lonestones with angular to subrounded clasts from 3 lithological groups, some of which are facetted or striated | X79: No | AC79: No | AH79: No | AP79: No
A80: 86 | B80: Yardida Formation | D80: glacial | E80: East Gondwana | H80: Cryogenian | I80: Following Hill et al 2011 | J80: 4 | K80: Tindal 2023 | L80: 4 | M80: Tindal 2023 | N80: 4 | P80: Yes | Q80: ND9a | T80: 485.4 | U80: 5 | V80: ★★★★☆ diamictite with rounded to well-rounded clasts from 4 lithological groups, some of which are facetted or striated | X80: No | AC80: No | AH80: No | AP80: No
A81: 12 | B81: Clanzschwitz diamictite | C81: Clanzschwitz Formation; Clanzschwitz Group Member 3 | D81: glacial | E81: Cadomia | H81: Cambrian | I81: Following Kuhnemann et al 2024 may be Cambro-Ordovician. | J81: 1 | K81: WH01: see Supplementary Information | L81: 1 | M81: WH01: ★☆☆☆☆ loose stones found in field containing diamictite with clasts of unreported roundness from one lithological group, some of which are facetted. Tindal 2023 combined with Muglitz Formation; separated here. | O81: Tindal 2023 combined with Muglitz Formation/Weesenstein diamictite. | P81: No | X81: No | AC81: No | AH81: Yes | AI81: 16 | AJ81: 565 | AL81: 540 | AN81: GEG | AO81: Age constraints from Linnemann et al 2018. Weesenstein-Clanzschite[sic]-Orellana diamictites grouped together. | AP81: Yes | AQ81: 28 | AR81: Cordillera-type mountain ice sheets | AS81: Bou Azzer | AT81: 565 | AU81: 560 | AV81: Clanzschwitz and Weesenstein (Muglitz) diamictites grouped.
A82: 58 | B82: Muglitz Formation | C82: Weesenstein tillite; Seidewitz Formation | D82: glacial | E82: Cadomia | H82: Cambrian | I82: Following Kuhnemann et al 2024 & Meinhold et al 2025; may be Cambro-Ordovician. | J82: 2 | K82: WH01: see Supplementary Information | L82: 2 | M82: WH01: ★★☆☆☆ diamictite and dropstones with rounded clasts from 2 lithological groups, some of which are facetted. | N82: 3 | O82: Tindal 2023 combined with Clanzschwitz diamictite. | P82: Yes | Q82: NE21 | R82: 562 | S82: 5 | T82: 538 | U82: 2 | V82: ★★★☆☆ possible varves, and diamictite and dropstones with angular to rounded clasts from 2 lithological groups, some of which are facetted | X82: Yes | Y82: Weesenstein-Orellana/Cadomian | Z82: 569 | AA82: 560 | AB82: Age constraints follow uncertainty of Linnemann et al 2018, though uncertain exactly which date(s) chosen for plot. | AC82: Yes | AD82: Bou Azzer | AE82: 566 | AF82: 564 | AG82: Evidence cited for deposits of this glaciation are dropped pebbles; low chemical index of alteration; diamictite. | AH82: Yes | AI82: 16 | AJ82: 565 | AL82: 540 | AN82: GEG | AO82: Age constraints from Linnemann et al 2018. Weesenstein-Clanzschite[sic]-Orellana diamictites grouped together. | AP82: Yes | AQ82: 28 | AR82: Cordillera-type mountain ice sheets | AS82: Bou Azzer | AT82: 565 | AU82: 560 | AV82: Clanzschwitz and Weesenstein (Muglitz) diamictites grouped.
A83: 17 | B83: Doushantuo Formation | D83: glacial | E83: South China | I83: Excluded from compilation | K83: WH02: removed from compilation | L83: 0 | M83: Tindal 2023 implicit | O83: Tindal 2023 implicit 0: excluded evidence only of glacioeustasy. | P83: No | X83: No | AC83: Yes | AD83: All | AH83: No | AP83: No
A84: 19 | B84: Ediacara Member | D84: glacial | E84: East Gondwana | I84: Excluded from compilation | K84: WH02: removed from compilation | L84: 0 | M84: Tindal 2023 implicit | O84: Tindal 2023 implicit 0: excluded evidence of only non-glacial ice. | P84: No | X84: No | AC84: Yes | AD84: Hankalchough | AE84: 555 | AF84: 549 | AG84: Evidence cited for deposits of this glaciation are frost boils; needle ice casts; dropped pebbles; low chemical index of alteration; glacial pavement; diamictite. | AH84: No | AP84: Yes | AQ84: 19 | AR84: Periglacial soil | AS84: Hankalchough | AT84: 562 | AU84: 551
A85: 21 | B85: Erga Formation | C85: Erga Beds; Yorga Formation; Lower Erga Formation | D85: glacial | E85: Baltica | I85: Excluded from compilation | K85: WH02: removed from compilation | L85: 0 | M85: Tindal 2023 implicit | O85: Tindal 2023 implicit 0: excluded evidence of only non-glacial ice. | P85: No | X85: No | AC85: Yes | AD85: Hankalchough | AE85: 555 | AF85: 549 | AG85: Evidence cited for deposits of this glaciation are frost boils; needle ice casts; dropped pebbles; low chemical index of alteration; glacial pavement; diamictite. | AH85: No | AP85: Yes | AQ85: 3 | AR85: Permafrost boils | AS85: Hankalchough | AT85: 562 | AU85: 551
A86: 31 | B86: Helmeth Grits | C86: Stretton Shale | D86: glacial | E86: Avalonia | I86: Excluded from compilation | K86: WH02: removed from compilation | L86: 0 | M86: Tindal 2023 explicit | N86: 0 | O86: Tindal 2023 explicitly rejected in text. | P86: No | X86: No | AC86: Yes | AD86: Bou Azzer | AE86: 566 | AF86: 564 | AG86: Evidence cited for deposits of this glaciation are dropped pebbles; low chemical index of alteration; diamictite. | AH86: No | AP86: No
A87: 34 | B87: Huckster Conglomerate | C87: Portway Formation | D87: glacial | E87: Avalonia | I87: Excluded from compilation | K87: WH02: removed from compilation | L87: 0 | M87: Tindal 2023 explicit | N87: 0 | O87: Tindal 2023 explicitly rejected in text. | P87: No | X87: No | AC87: Yes | AD87: Hankalchough | AE87: 555 | AF87: 549 | AG87: Evidence cited for deposits of this glaciation are frost boils; needle ice casts; dropped pebbles; low chemical index of alteration; glacial pavement; diamictite. | AH87: No | AP87: No
A88: 49 | B88: Lyamtsa Formation | C88: Lamsta Formation; Lyamitsa Formation | D88: glacial | E88: Baltica | I88: Excluded from compilation | K88: WH02: removed from compilation | L88: 0 | M88: Tindal 2023 implicit | O88: Tindal 2023 implicit 0: excluded evidence of only non-glacial ice. | P88: No | X88: No | AC88: Yes | AD88: Bou Azzer | AE88: 566 | AF88: 564 | AG88: Evidence cited for deposits of this glaciation are dropped pebbles; low chemical index of alteration; diamictite. | AH88: No | AP88: No
A89: 53 | B89: Mistaken Point Formation | D89: glacial | E89: Avalonia | I89: Excluded from compilation | K89: WH02: removed from compilation | L89: 0 | M89: Tindal 2023 implicit | O89: Tindal 2023 implicit 0: excluded evidence only of glacioeustasy. | P89: No | X89: No | AC89: Yes | AD89: Bou Azzer | AE89: 566 | AF89: 564 | AG89: Evidence cited for deposits of this glaciation are dropped pebbles; low chemical index of alteration; diamictite. | AH89: No | AP89: Yes | AQ89: 36 | AR89: Marine glacial | AS89: Bou Azzer | AT89: 565 | AU89: 560
A90: 70 | B90: Sliding Stones Slump Breccia | C90: Sliding Stones Breccia | D90: glacial | E90: Avalonia | I90: Excluded from compilation | K90: WH02: removed from compilation | L90: 0 | M90: Tindal 2023 explicit | N90: 0 | O90: Tindal 2023 explicitly rejected in text. | P90: No | X90: No | AC90: Yes | AD90: Hankalchough | AE90: 555 | AF90: 549 | AG90: Evidence cited for deposits of this glaciation are frost boils; needle ice casts; dropped pebbles; low chemical index of alteration; glacial pavement; diamictite. | AH90: No | AP90: No
A91: 71 | B91: South Quarry Breccia | C91: Beacon Hill Formation | D91: glacial | E91: Avalonia | I91: Excluded from compilation | K91: WH02: removed from compilation | L91: 0 | M91: Tindal 2023 explicit | N91: 0 | O91: Tindal 2023 explicitly rejected in text. | P91: No | X91: No | AC91: Yes | AD91: Bou Azzer | AE91: 566 | AF91: 564 | AG91: Evidence cited for deposits of this glaciation are dropped pebbles; low chemical index of alteration; diamictite. | AH91: No | AP91: No
A92: 84 | B92: Wonoka Formation | D92: glacial | E92: East Gondwana | I92: Excluded from compilation | K92: WH02: removed from compilation | L92: 0 | M92: Tindal 2023 implicit | O92: Tindal 2023 implicit 0: excluded evidence only of glacioeustasy. | P92: No | X92: No | AC92: Yes | AD92: Fauquier | AE92: 572 | AF92: 570 | AG92: Evidence cited for deposits of this glaciation are tillite; dropped pebbles; low chemical index of alteration; paleokarst. | AH92: No | AP92: Yes | AQ92: 21 | AR92: Palaeovalleys | AS92: Fauquier | AT92: 571 | AU92: 571

Sheet csl_age_constraints
A1: date_id | B1: deposit_id | C1: deposit_name | D1: sample_id | E1: constraint_position | F1: constraint_position_notes | G1: constraint_wrt_csl | H1: constraint_type | I1: constraint_date_lithology | J1: constraint_date_type | K1: constraint_date_system | L1: constraint_age_ma | M1: constraint_age_ma_unc | N1: d13c_excursion | O1: d13c_excursion_position | P1: radiometric_date_method | Q1: radiometric_date_mineral | R1: radiometric_date_gts2020_id | S1: radiometric_date_ma | T1: radiometric_date_ma_x | U1: radiometric_date_ma_y | V1: radiometric_date_ma_z | W1: radiometric_date_ma_mswd | X1: radiometric_date_description | Y1: radiometric_date_notes | Z1: sample_group | AA1: sample_subgroup | AB1: sample_formation | AC1: sample_member | AD1: sample_unit | AE1: sample_bed | AF1: additional_notes | AG1: reference1 | AH1: reference2 | AI1: reference3 | AJ1: reference4
A2: 1 | B2: =_xlfn.XLOOKUP(C2, csl_deposits!B:B, csl_deposits!A:A, "NA", 0,1) -> 1 | C2: Antaq Polymictic Conglomerate | D2: S02-04 | E2: above | G2: minimum | H2: Radiometric date | I2: pyroclastic tuff | J2: eruption | K2: U-Pb | L2: 579 | M2: 17 | P2: LA-ICP-MS | Q2: igneous zircon | S2: 579 | T2: 17 | X2: Igneous zircon U-Pb LA-ICP-MS date. | Z2: Jibalah | AB2: Muraykhah | AG2: Nettle et al 2014
A3: 2 | B3: =_xlfn.XLOOKUP(C3, csl_deposits!B:B, csl_deposits!A:A, "NA", 0,1) -> 1 | C3: Antaq Polymictic Conglomerate | D3: S02-23 | E3: above | G3: minimum | H3: Radiometric date | I3: pyroclastic tuff | J3: maximum | K3: U-Pb | L3: 604 | M3: 18 | P3: LA-ICP-MS | Q3: igneous zircon | S3: 604 | T3: 18 | X3: Igneous zircon U-Pb LA-ICP-MS date. | Y3: Interpreted as an inherited zircon date due to stratigraphic incongruence. | Z3: Jibalah | AB3: Muraykhah | AG3: Nettle et al 2014
A4: 3 | B4: =_xlfn.XLOOKUP(C4, csl_deposits!B:B, csl_deposits!A:A, "NA", 0,1) -> 1 | C4: Antaq Polymictic Conglomerate | D4: WP045 | E4: below | F4: Sample from basement beneath candidate glaciogenic deposit. | G4: maximum | H4: Radiometric date | I4: porphyritic microgranite | J4: intrusion | K4: U-Pb | L4: 618.17 | M4: 0.89 | P4: CA-TIMS | Q4: igneous zircon | S4: 618.17 | T4: 0.2 | U4: 0.62 | V4: 0.89 | W4: 0.65 | X4: Igneous zircon U-Pb CA-TIMS date on porphyritic microgranite in the basement below the Rubtayn Formation | AD4: porphyritic microgranite | AG4: Nettle et al 2014
A5: 4 | B5: =_xlfn.XLOOKUP(C5, csl_deposits!B:B, csl_deposits!A:A, "NA", 0,1) -> 1 | C5: Antaq Polymictic Conglomerate | D5: WP65 | E5: contemporaneous | G5: deposition | H5: Radiometric date | I5: pyroclastic tuff | J5: eruption | K5: U-Pb | L5: 596 | M5: 17 | P5: LA-ICP-MS | Q5: igneous zircon | S5: 596 | T5: 17 | X5: Igneous zircon U-Pb LA-ICP-MS date. | Z5: Jibalah | AB5: Rubtayn | AC5: upper Rubtayn | AG5: Nettle et al 2014
A6: 5 | B6: =_xlfn.XLOOKUP(C6, csl_deposits!B:B, csl_deposits!A:A, "NA", 0,1) -> 2 | C6: Baykonur Formation | E6: above | F6: Overyling Kokbulak and Koktal formations contain early Cambrian fossils | G6: minimum | H6: Biostratigraphy | J6: minimum | L6: 538.8 | AB6: Kokbulak | AG6: Chumakov 2009 | AH6: Chumakov 2011c
A7: 6 | B7: =_xlfn.XLOOKUP(C7, csl_deposits!B:B, csl_deposits!A:A, "NA", 0,1) -> 2 | C7: Baykonur Formation | E7: above | F7: Overyling Kokbulak and Koktal formations contain early Cambrian fossils | G7: minimum | H7: Biostratigraphy | J7: minimum | L7: 538.8 | AB7: Kokbulak | AG7: Chumakov 2009 | AH7: Chumakov 2011c
A8: 7 | B8: =_xlfn.XLOOKUP(C8, csl_deposits!B:B, csl_deposits!A:A, "NA", 0,1) -> 2 | C8: Baykonur Formation | E8: above | F8: Overyling Kokbulak and Koktal formations contain early Cambrian fossils | G8: minimum | H8: Biostratigraphy | J8: minimum | L8: 538.8 | AB8: Kokbulak | AG8: Chumakov 2009 | AH8: Chumakov 2011c
A9: 8 | B9: =_xlfn.XLOOKUP(C9, csl_deposits!B:B, csl_deposits!A:A, "NA", 0,1) -> 2 | C9: Baykonur Formation | D9: KG21 | E9: below | F9: Diamictite correlated with the Baykonur Formation | G9: maximum | H9: Radiometric date | I9: diamictite | J9: maximum | K9: U-Pb | L9: 629 | M9: 8 | P9: LA-ICP-MS | Q9: detrital zircon | S9: 629 | T9: 8 | X9: Detrital zircon U-Pb LA-ICP-MS date from diamictite matrix | AB9: Djetymtau | AG9: Rojas-Agramonte et al 2014
A10: 9 | B10: =_xlfn.XLOOKUP(C10, csl_deposits!B:B, csl_deposits!A:A, "NA", 0,1) -> 2 | C10: Baykonur Formation | D10: 1B-1 | E10: contemporaneous | F10: Upper part of the Baykonur Formation diamictite | G10: maximum | H10: Radiometric date | I10: diamictite | J10: maximum | K10: U-Pb | L10: 581 | M10: 6 | P10: LA-ICP-MS | Q10: detrital zircon | S10: 581 | T10: 6 | X10: Detrital zircon U-Pb LA-ICP-MS date from diamictite wholerock | AB10: Baykonur | AC10: upper Baykonur | AG10: Alexeiev et al 2025
A11: 10 | B11: =_xlfn.XLOOKUP(C11, csl_deposits!B:B, csl_deposits!A:A, "NA", 0,1) -> 2 | C11: Baykonur Formation | D11: 1A-1 | E11: contemporaneous | F11: Upper part of the Baykonur Formation diamictite | G11: maximum | H11: Radiometric date | I11: diamictite | J11: maximum | K11: U-Pb | L11: 556 | M11: 8 | P11: LA-ICP-MS | Q11: detrital zircon | S11: 556 | T11: 8 | X11: Detrital zircon U-Pb LA-ICP-MS date from diamictite wholerock | AB11: Baykonur | AC11: upper Baykonur | AG11: Alexeiev et al 2025
A12: 11 | B12: =_xlfn.XLOOKUP(C12, csl_deposits!B:B, csl_deposits!A:A, "NA", 0,1) -> 4 | C12: Billy Springs Formation | E12: above | F12: Billy Springs Formation underlies the Rawnsley Quartzite including the fossiliferous Ediacara Member which is of late Ediacaran age. | G12: minimum | H12: Biostratigraphy | J12: minimum | L12: 538.8 | AG12: Jenkins 2011
A13: 12 | B13: =_xlfn.XLOOKUP(C13, csl_deposits!B:B, csl_deposits!A:A, "NA", 0,1) -> 4 | C13: Billy Springs Formation | E13: below | F13: Date from Busch et al 2023 in Gametrail Formation; Shuram-correlated Wonoka excursion in the underlying Wonoka Formation. | G13: maximum | H13: CIE | I13: carbonate | J13: maximum | K13: 13C | L13: 566.9 | M13: 3.5 | N13: Shuram | O13: below deposit | AB13: Wonoka | AG13: Jenkins 2011 | AH13: Rooney et al 2020 | AI13: Yang et al 2021 | AJ13: Busch et al 2023
A14: 13 | B14: =_xlfn.XLOOKUP(C14, csl_deposits!B:B, csl_deposits!A:A, "NA", 0,1) -> 5 | C14: Blon Formation | D14: KOB-26 | E14: above | F14: From overlying Volyn Group. | G14: minimum | H14: Radiometric date | I14: tuff | J14: eruption | K14: U-Pb | L14: 569.36 | M14: 0.29 | P14: CA-ID-TIMS | Q14: igneous zircon | S14: 569.36 | T14: 0.29 | W14: 0.05 | X14: Tuff zircon U-Pb CA-ID-TIMS date | Z14: Volyn | AB14: Rataychitsy | AF14: Likely Cryogenian following Francovschi et al 2023; 2024 | AG14: Srodon et al 2023 | AH14: Francovschi et al 2023 | AI14: Francovschi et al 2024
A15: 14 | B15: =_xlfn.XLOOKUP(C15, csl_deposits!B:B, csl_deposits!A:A, "NA", 0,1) -> 5 | C15: Blon Formation | D15: KOB-25 | E15: above | F15: From overlying Volyn Group. | G15: minimum | H15: Radiometric date | I15: tuff | J15: eruption | K15: U-Pb | L15: 569.4 | M15: 0.12 | P15: CA-ID-TIMS | Q15: igneous zircon | S15: 569.4 | T15: 0.12 | W15: 1.35 | X15: Tuff zircon U-Pb CA-ID-TIMS date | Z15: Volyn | AB15: Rataychitsy | AF15: Likely Cryogenian following Francovschi et al 2023; 2024 | AG15: Srodon et al 2023 | AH15: Francovschi et al 2023 | AI15: Francovschi et al 2024
A16: 15 | B16: =_xlfn.XLOOKUP(C16, csl_deposits!B:B, csl_deposits!A:A, "NA", 0,1) -> 8 | C16: Bradore Formation | E16: above | F16: Below lowest occurring Cambrian body fossils in the Forteau Formation and earliest Cambrian trace fossils in the Bradore Formation | G16: minimum | H16: Biostratigraphy | J16: minimum | L16: 538.8 | AG16: Swett 1981 | AH16: Knight et al 2017
A17: 16 | B17: =_xlfn.XLOOKUP(C17, csl_deposits!B:B, csl_deposits!A:A, "NA", 0,1) -> 9 | C17: Bunyeroo Formation | E17: above | F17: Wonoka excursion correlated to the Shuram excursion begins in the Wonoka Formation above the Bunyeroo Formation | G17: minimum | H17: CIE | J17: minimum | K17: 13C | L17: 574 | M17: 4.7 | N17: Shuram | O17: above deposit | AB17: Wonoka | AG17: Williams & Schmidt 2018 | AH17: Rooney et al 2020 | AI17: Yang et al 2021
A18: 17 | B18: =_xlfn.XLOOKUP(C18, csl_deposits!B:B, csl_deposits!A:A, "NA", 0,1) -> 9 | C18: Bunyeroo Formation | E18: below | F18: Stratigraphically above latest Cryogenian strata. | G18: maximum | H18: Correlation | J18: maximum | L18: 635 | M18: 0 | AG18: Williams & Schmidt 2018 | AH18: Rooney et al 2020 | AI18: Yang et al 2021
A19: 18 | B19: =_xlfn.XLOOKUP(C19, csl_deposits!B:B, csl_deposits!A:A, "NA", 0,1) -> 10 | C19: Chameis Gate Member | E19: above | F19: Minimum age of island arc accretion metamorphism. | G19: minimum | H19: Radiometric date | I19: amphibole | J19: minimum | K19: Ar-Ar | L19: 575 | M19: 2 | Q19: metamorphic amphibole | S19: 575 | T19: 2 | X19: Ar-Ar date on HP metamorphic amphibole generation in metagabbro | Z19: Bakers Bay Suite | AD19: metagabbro | AG19: Frimmel & Frank 1998 | AH19: Frimmel 2011a
A20: 19 | B20: =_xlfn.XLOOKUP(C20, csl_deposits!B:B, csl_deposits!A:A, "NA", 0,1) -> 10 | C20: Chameis Gate Member | E20: below | F20: Minimum age of ocean crust formation beneath diamictite. | G20: maximum | H20: Radiometric date | I20: amphibole | J20: maximum | K20: Ar-Ar | L20: 610 | M20: 16 | Q20: metamorphic amphibole | S20: 610 | T20: 16 | X20: Ar-Ar date on LP amphibole generation in metagabbro associated with ocean crust creation. Note also slightly younger age plateau at 600 ± 7 Ma. | Z20: Bakers Bay Suite | AD20: metagabbro | AG20: Frimmel & Frank 1998 | AH20: Frimmel 2011a
A21: 20 | B21: =_xlfn.XLOOKUP(C21, csl_deposits!B:B, csl_deposits!A:A, "NA", 0,1) -> 10 | C21: Chameis Gate Member | E21: contemporaneous | F21: Maximum depositional age from micro-zircons. | G21: maximum | H21: Radiometric date | I21: dolostone | J21: maximum | K21: U-Pb | L21: 598 | M21: 60 | Q21: detrital zircon | S21: 598 | T21: 60 | X21: U-Pb date on siliciclastic fraction of Sholtzberg Member dolostone likely to be driven mostly by detrital zircon components. | Z21: Chameis | AB21: Dernburg | AC21: Sholtzberg | AG21: Frimmel & Frank 1998 | AH21: Frimmel & Folling 2004 | AI21: Frimmel 2011a
A22: 21 | B22: =_xlfn.XLOOKUP(C22, csl_deposits!B:B, csl_deposits!A:A, "NA", 0,1) -> 12 | C22: Clanzschwitz diamictite | D22: CL2 | E22: below | G22: maximum | H22: Radiometric date | I22: quartzite | J22: maximum | K22: U-Pb | L22: 565 | M22: 5 | P22: LA-ICP-MS | Q22: detrital zircon | S22: 565 | V22: 5 | X22: Zircon U-Pb LA-ICP-MS from underlying quartzite | Z22: Clanzschwitz | AC22: Member 2 | AG22: Linnemann et al 2018
A23: 22 | B23: =_xlfn.XLOOKUP(C23, csl_deposits!B:B, csl_deposits!A:A, "NA", 0,1) -> 12 | C23: Clanzschwitz diamictite | D23: CL1 | E23: below | G23: maximum | H23: Radiometric date | I23: diamictite matrix | J23: maximum | K23: U-Pb | L23: 570 | M23: 8 | P23: LA-ICP-MS | Q23: detrital zircon | S23: 570 | V23: 8 | X23: Zircon U-Pb LA-ICP-MS from diamictite matrix | Z23: Clanzschwitz | AC23: Member 3 | AE23: Clanzschwitz diamictite | AG23: Linnemann et al 2018
A24: 23 | B24: =_xlfn.XLOOKUP(C24, csl_deposits!B:B, csl_deposits!A:A, "NA", 0,1) -> 12 | C24: Clanzschwitz diamictite | D24: Cla1n | E24: below | G24: maximum | H24: Radiometric date | I24: diamictite clast | J24: maximum | K24: U-Pb | L24: 574 | M24: 6 | P24: LA-ICP-MS | Q24: detrital zircon | S24: 574 | V24: 6 | W24: 0.065 | X24: Zircon U-Pb LA-ICP-MS from diamictite granitoid clast | Z24: Clanzschwitz | AC24: Member 3 | AE24: Clanzschwitz diamictite | AG24: Linnemann et al 2018
A25: 24 | B25: =_xlfn.XLOOKUP(C25, csl_deposits!B:B, csl_deposits!A:A, "NA", 0,1) -> 12 | C25: Clanzschwitz diamictite | D25: LG21-17B | E25: below | G25: maximum | H25: Radiometric date | I25: diamictite | J25: maximum | K25: U-Pb | L25: 503 | M25: 19 | P25: EPMA | Q25: detrital monazite | S25: 503 | T25: 19 | W25: 1.5 | X25: Detrital monazite Th-U-Pb date from diamictite | Z25: Clanzschwitz | AC25: Member 3 | AG25: Kuhnemann et al 2024
A26: 25 | B26: =_xlfn.XLOOKUP(C26, csl_deposits!B:B, csl_deposits!A:A, "NA", 0,1) -> 12 | C26: Clanzschwitz diamictite | D26: Laas1 | F26: Laas granodiorite may have intruded the Clanzschwitz Group but this relationship is not clear from the presented maps. There is no evidence presented that it intrudes Clanzschwitz Member 3 but it may have metamorphosed Member 1 (Linnemann et al 2018; but see Kuhnemann et al 2024). | H26: Radiometric date | I26: granodiorite | J26: intrusion | K26: U-Pb | L26: 537 | M26: 5 | P26: LA-ICP-MS | Q26: igneous zircon | S26: 537 | V26: 5 | W26: 0.32 | X26: Zircon U-Pb LA-ICP-MS from Laas granodiorite | AB26: Laas granodiorite | AG26: Linnemann et al 2018
A27: 26 | B27: =_xlfn.XLOOKUP(C27, csl_deposits!B:B, csl_deposits!A:A, "NA", 0,1) -> 13 | C27: Cottons Breccia | E27: above | F27: Ediacaran >575 Ma from later sill intrusion | G27: maximum | H27: Radiometric date | I27: gabbro | J27: intrusion | K27: U-Pb | L27: 574.7 | M27: 3 | P27: SHRIMP | Q27: igneous zircon | S27: 574.7 | T27: 3 | W27: 0.73 | X27: Zircon U-Pb ion microprobe date from basic gabbroic cumulate sill intruding the diamictite | Z27: Grassy | AB27: Grimes Intrusive Suite | AC27: Grimes Intrusive Suite | AF27: Local correlation with Croles Hill diamictite suggests the pair are bracketed within Gaskiers age | AG27: Calver et al 2004 | AH27: Calver & Walter 2000 | AI27: Direen & Jago 2008 | AJ27: Calver et al 2013
A28: 27 | B28: =_xlfn.XLOOKUP(C28, csl_deposits!B:B, csl_deposits!A:A, "NA", 0,1) -> 13 | C28: Cottons Breccia | D28: Sample 1 R008184 | E28: contemporaneous | F28: Sandstone lense 1 m below top of diamictite | G28: maximum | H28: Radiometric date | I28: sandstone | J28: maximum | K28: U-Pb | L28: 654.4 | M28: 4.3 | P28: SHRIMP | Q28: detrital zircon | S28: 654.4 | T28: 4.3 | W28: 1.77 | X28: Zircon U-Pb ion microprobe date from detrital zircons in sandstone lens near the top of the diamictite | Z28: Grassy | AB28: Cottons Breccia | AG28: Calver et al 2013 | AH28: Calver & Walter 2000 | AI28: Calver et al 2004 | AJ28: Direen & Jago 2008
A29: 28 | B29: =_xlfn.XLOOKUP(C29, csl_deposits!B:B, csl_deposits!A:A, "NA", 0,1) -> 13 | C29: Cottons Breccia | D29: Sample 2 R008185 | E29: contemporaneous | F29: Dolomitised clast 0.5 m below top of diamictite | G29: maximum | H29: Radiometric date | I29: diamictite | J29: maximum | K29: U-Pb | L29: 644.4 | M29: 6.5 | P29: SHRIMP | Q29: detrital zircon | S29: 644.4 | T29: 6.5 | W29: 3.08 | X29: Zircon U-Pb ion microprobe date from detrital zircons in dolomitised sediment near top of diamictite | Z29: Grassy | AB29: Cottons Breccia | AG29: Calver et al 2013 | AH29: Calver & Walter 2000 | AI29: Calver et al 2004 | AJ29: Direen & Jago 2008
A30: 29 | B30: =_xlfn.XLOOKUP(C30, csl_deposits!B:B, csl_deposits!A:A, "NA", 0,1) -> 13 | C30: Cottons Breccia | D30: Sample 3 R008186 | E30: contemporaneous | F30: Pebbly sandstone ~1 m below top of diamictite | G30: maximum | H30: Radiometric date | I30: diamictite | J30: maximum | K30: U-Pb | L30: 647.4 | M30: 6.2 | P30: SHRIMP | Q30: detrital zircon | S30: 647.4 | T30: 6.2 | W30: 2.81 | X30: Zircon U-Pb ion microprobe date from detrital zircons in pebbly sandstone diamictite | Z30: Grassy | AB30: Cottons Breccia | AG30: Calver et al 2013 | AH30: Calver & Walter 2000 | AI30: Calver et al 2004 | AJ30: Direen & Jago 2008
A31: 30 | B31: =_xlfn.XLOOKUP(C31, csl_deposits!B:B, csl_deposits!A:A, "NA", 0,1) -> 13 | C31: Cottons Breccia | D31: Sample 4 R008187 | E31: contemporaneous | F31: Dolomitic sandstone near top of diamictite grading into cap carbonate | G31: maximum | H31: Radiometric date | I31: diamictite | J31: maximum | K31: U-Pb | L31: 638 | M31: 2.5 | P31: SHRIMP | Q31: detrital zircon | S31: 638 | T31: 2.5 | W31: 1.31 | X31: Zircon U-Pb ion microprobe date from detrital zircons in dolomitic sandstone at top of diamictite | Z31: Grassy | AB31: Cottons Breccia | AG31: Calver et al 2013 | AH31: Calver & Walter 2000 | AI31: Calver et al 2004 | AJ31: Direen & Jago 2008
A32: 31 | B32: =_xlfn.XLOOKUP(C32, csl_deposits!B:B, csl_deposits!A:A, "NA", 0,1) -> 13 | C32: Cottons Breccia | D32: Sample 4 R008187 | E32: contemporaneous | F32: Dolomitic sandstone near top of diamictite grading into cap carbonate | G32: maximum | H32: Radiometric date | I32: diamictite | J32: maximum | K32: U-Pb | L32: 636.41 | M32: 0.34 | P32: CA-ID-TIMS | Q32: detrital zircon | S32: 636.41 | T32: 0.34 | U32: 0.45 | W32: 1.5 | X32: Zircon U-Pb CA-ID-TIMS date from detrital zircons in dolomitic sandstone at top of diamictite | Z32: Grassy | AB32: Cottons Breccia | AG32: Calver et al 2013
A33: 32 | B33: =_xlfn.XLOOKUP(C33, csl_deposits!B:B, csl_deposits!A:A, "NA", 0,1) -> 14 | C33: Croles Hill diamictite | E33: below | F33: Mid-Ediacaran <582 Ma from underlying rhyolite | G33: maximum | H33: Radiometric date | I33: rhyodacite | J33: eruption | K33: U-Pb | L33: 582.1 | M33: 4.1 | P33: SHRIMP | Q33: igneous zircon | S33: 582.1 | T33: 4.1 | W33: 0.94 | X33: Zircon U-Pb ion microprobe date from rhyodacite underlying the diamictite | Z33: Togari | AA33: Kanunnah | AF33: Local correlation with Cottons Breccia suggests the pair could be bracketed within Gaskiers age | AG33: Calver et al 2004 | AH33: Calver & Walter 2000 | AI33: Calver et al 2013
A34: 33 | B34: =_xlfn.XLOOKUP(C34, csl_deposits!B:B, csl_deposits!A:A, "NA", 0,1) -> 14 | C34: Croles Hill diamictite | D34: GT-5 | E34: contemporaneous | F34: Hyaloclastic rhyodacite interbedded with diamictite | G34: deposition | H34: Radiometric date | I34: rhyodacite | J34: eruption | K34: U-Pb | L34: 578.56 | M34: 0.23 | P34: CA-TIMS | Q34: igneous zircon | S34: 578.86 | T34: 0.23 | W34: 1.1 | X34: Zircon U-Pb CA-TIMS date from hyaloclastic rhyodacite interbedded with the diamictite | Z34: Togari | AA34: Kanunnah | AB34: Croles Hill Diamictite | AG34: Calver et al 2026
A35: 34 | B35: =_xlfn.XLOOKUP(C35, csl_deposits!B:B, csl_deposits!A:A, "NA", 0,1) -> 14 | C35: Croles Hill diamictite | D35: Sample 002026 | E35: below | F35: Rhyodacite underlying the diamictite | G35: maximum | H35: Radiometric date | I35: rhyodacite | J35: eruption | K35: U-Pb | L35: 579.2 | M35: 0.09 | P35: CA-TIMS | Q35: igneous zircon | S35: 579.2 | T35: 0.09 | W35: 1.2 | X35: Zircon U-Pb CA-TIMS date from a rhyodacite beneath the diamictite | Z35: Togari | AA35: Kanunnah | AB35: Keppel Creek | AG35: Calver et al 2026
A36: 35 | B36: =_xlfn.XLOOKUP(C36, csl_deposits!B:B, csl_deposits!A:A, "NA", 0,1) -> 15 | C36: Dey Dey Mudstone | E36: above | F36: Wonoka excursion correlated to the Shuram excursion begins in the Wonoka Formation above the Dey Dey Mudstone by regional correlation | G36: minimum | H36: CIE | J36: minimum | K36: 13C | L36: 574 | M36: 4.7 | N36: Shuram | O36: above deposit | AB36: Dey Dey Mudstone | AG36: Williams & Schmidt 2018 | AH36: Rooney et al 2020 | AI36: Yang et al 2021
A37: 36 | B37: =_xlfn.XLOOKUP(C37, csl_deposits!B:B, csl_deposits!A:A, "NA", 0,1) -> 15 | C37: Dey Dey Mudstone | E37: below | F37: Correlated with the Bunyeroo Formation which is stratigraphically above known terminal Cryogenian deposits. | G37: maximum | H37: Correlation | J37: maximum | L37: 635 | AG37: Williams & Schmidt 2018 | AH37: Rooney et al 2020 | AI37: Yang et al 2021
A38: 37 | B38: =_xlfn.XLOOKUP(C38, csl_deposits!B:B, csl_deposits!A:A, "NA", 0,1) -> 16 | C38: Dhaiqa Formation | E38: above | F38: Ediacaran fossils, notably a holdfast disc and possible effaced fronds, found several metres above the diamicitite. | G38: minimum | H38: Biostratigraphy | I38: sandstone | J38: minimum | L38: 538.8 | AB38: Dhaiqa | AD38: middle to upper Dhaiqa | AG38: Vickers-Rich et al 2013
A39: 38 | B39: =_xlfn.XLOOKUP(C39, csl_deposits!B:B, csl_deposits!A:A, "NA", 0,1) -> 16 | C39: Dhaiqa Formation | D39: Day-1 | E39: below | G39: maximum | H39: Radiometric date | I39: ash bed | J39: eruption | K39: U-Pb | L39: 560 | M39: 4 | P39: LA-ICP-MS | Q39: igneous zircon | S39: 560 | T39: 4 | W39: 0.036 | X39: Zircon U-Pb date from ash bed in section 8 unit c circa 3m below the diamictite horizon e | Z39: Jibalah | AB39: Dhaiqa | AC39: Middle Dhaiqa | AD39: Unit c | AE39: Dhaiqa diamictite | AF39: Age refines that of Miller et al 2008 and confirms a post-Gaskiers deposition of the diamictite | AG39: Vickers-Rich et al 2013
A40: 39 | B40: =_xlfn.XLOOKUP(C40, csl_deposits!B:B, csl_deposits!A:A, "NA", 0,1) -> 16 | C40: Dhaiqa Formation | D40: DY-1_rim | E40: below | G40: maximum | H40: Radiometric date | I40: sandstone | J40: maximum | K40: U-Pb | L40: 570 | M40: 4.6 | P40: SHRIMP | Q40: detrital zircon | S40: 570 | T40: 4.6 | X40: U-Pb SHRIMP analyses on detrital zircon rim from green fine-grained sandstone within limestone sequence and below polymict conglomerate | Z40: Jibalah | AB40: Dhaiqa | AF40: Deposit definitely younger than 599 Ma and possibly younger than 570 Ma | AG40: Miller et al 2008
A41: 40 | B41: =_xlfn.XLOOKUP(C41, csl_deposits!B:B, csl_deposits!A:A, "NA", 0,1) -> 16 | C41: Dhaiqa Formation | D41: DY-1_core | E41: below | G41: maximum | H41: Radiometric date | I41: sandstone | J41: maximum | K41: U-Pb | L41: 599 | M41: 4.8 | P41: SHRIMP | Q41: detrital zircon | S41: 599 | T41: 4.8 | X41: U-Pb SHRIMP analyses on detrital zircon core from green fine-grained sandstone within limestone sequence and below polymict conglomerate | Z41: Jibalah | AB41: Dhaiqa | AF41: Deposit definitely younger than 599 Ma and possibly younger than 570 Ma | AG41: Miller et al 2008
A42: 41 | B42: =_xlfn.XLOOKUP(C42, csl_deposits!B:B, csl_deposits!A:A, "NA", 0,1) -> 18 | C42: Doushantuo glendonites | E42: above | F42: EN3 excursion correlated to Shuram excursion which is radiometrically dated elsewhere. EN3 excursion onset is above the highest occurrence of glendonites in any Doushantuo Formation section. | G42: minimum | H42: CIE | J42: minimum | K42: 13C | L42: 574 | M42: 4.7 | N42: EN3 | O42: above deposit | AB42: Doushantuo | AG42: Wang et al 2017 | AH42: Wang et al 2020 | AI42: Rooney et al 2020 | AJ42: Yang et al 2021
A43: 42 | B43: =_xlfn.XLOOKUP(C43, csl_deposits!B:B, csl_deposits!A:A, "NA", 0,1) -> 18 | C43: Doushantuo glendonites | E43: above | F43: EN3 excursion correlated to Shuram excursion which is radiometrically dated elsewhere. EN3 excursion onset is above the highest occurrence of glendonites in any Doushantuo Formation section. | G43: minimum | H43: CIE | J43: minimum | K43: 13C | L43: 574 | M43: 4.7 | N43: EN3 | O43: above deposit | AB43: Doushantuo | AG43: Wang et al 2017 | AH43: Wang et al 2020 | AI43: Rooney et al 2020 | AJ43: Yang et al 2021
A44: 43 | B44: =_xlfn.XLOOKUP(C44, csl_deposits!B:B, csl_deposits!A:A, "NA", 0,1) -> 18 | C44: Doushantuo glendonites | E44: above | F44: EN3 excursion correlated to Shuram excursion which is radiometrically dated elsewhere. EN3 excursion onset is above the highest occurrence of glendonites in any Doushantuo Formation section. | G44: minimum | H44: CIE | J44: minimum | K44: 13C | L44: 574 | M44: 4.7 | N44: EN3 | O44: above deposit | AB44: Doushantuo | AG44: Wang et al 2017 | AH44: Wang et al 2020 | AI44: Rooney et al 2020 | AJ44: Yang et al 2021
A45: 44 | B45: =_xlfn.XLOOKUP(C45, csl_deposits!B:B, csl_deposits!A:A, "NA", 0,1) -> 18 | C45: Doushantuo glendonites | E45: above | F45: EN2 excursion below the EN3 excursion and correlated to end-Gaskiers time though this is not a well constrained correlation. | G45: minimum | H45: CIE | J45: minimum | K45: 13C | L45: 580 | M45: 2 | N45: EN2 | O45: above deposit | AB45: Doushantuo | AG45: Wang et al 2017 | AH45: Wang et al 2020 | AI45: Yang et al 2021
A46: 45 | B46: =_xlfn.XLOOKUP(C46, csl_deposits!B:B, csl_deposits!A:A, "NA", 0,1) -> 18 | C46: Doushantuo glendonites | E46: above | F46: EN2 excursion below the EN3 excursion and correlated to end-Gaskiers time though this is not a well constrained correlation. | G46: minimum | H46: CIE | J46: minimum | K46: 13C | L46: 580 | M46: 2 | N46: EN2 | O46: above deposit | AB46: Doushantuo | AG46: Wang et al 2017 | AH46: Wang et al 2020 | AI46: Yang et al 2021
A47: 46 | B47: =_xlfn.XLOOKUP(C47, csl_deposits!B:B, csl_deposits!A:A, "NA", 0,1) -> 18 | C47: Doushantuo glendonites | E47: above | F47: EN2 excursion below the EN3 excursion and correlated to end-Gaskiers time though this is not a well constrained correlation. | G47: minimum | H47: CIE | J47: minimum | K47: 13C | L47: 580 | M47: 2 | N47: EN2 | O47: above deposit | AB47: Doushantuo | AG47: Wang et al 2017 | AH47: Wang et al 2020 | AI47: Yang et al 2021
A48: 47 | B48: =_xlfn.XLOOKUP(C48, csl_deposits!B:B, csl_deposits!A:A, "NA", 0,1) -> 18 | C48: Doushantuo glendonites | D48: 16JJW-3 | E48: above | G48: minimum | H48: Radiometric date | I48: ash bed | J48: eruption | K48: U-Pb | L48: 550.1 | M48: 0.6 | P48: CA-ID-TIMS | Q48: igneous zircon | S48: 550.14 | T48: 0.16 | U48: 0.24 | V48: 0.63 | W48: 202 | X48: Zircon U-Pb CA-ID-TIMS date from uppermost Miaohe Member | AB48: Doushantuo | AC48: Miaohe | AF48: Date constraining top of Doushantuo Formation | AG48: Yang et al 2021
A49: 48 | B49: =_xlfn.XLOOKUP(C49, csl_deposits!B:B, csl_deposits!A:A, "NA", 0,1) -> 18 | C49: Doushantuo glendonites | D49: 15LZash1 | E49: below | F49: Ash bed at base of Unit 5 close above unconformity at base of Unit 4. Unit 3 has EN1.5. | G49: maximum | H49: Radiometric date | I49: ash bed | J49: eruption | K49: U-Pb | L49: 609 | M49: 5 | P49: SIMS | Q49: igneous zircon | S49: 609 | T49: 5 | W49: 0.34 | X49: Zircon U-Pb SIMS date from ash bed at base of Doushantuo Formation Unit 5 | Y49: Date originally to constrain Weng'an biota | AB49: Doushantuo | AD49: Unit 5 | AG49: Zhou et al 2017
A50: 49 | B50: =_xlfn.XLOOKUP(C50, csl_deposits!B:B, csl_deposits!A:A, "NA", 0,1) -> 18 | C50: Doushantuo glendonites | D50: 18SC25 | E50: below | F50: Ash bed at base of Unit 5 close above unconformity at base of Unit 4. Unit 3 has EN1.5. | G50: maximum | H50: Radiometric date | I50: ash bed | J50: maximum | K50: U-Pb | L50: 612.48 | M50: 0.94 | P50: CA-ID-TIMS | Q50: detrital zircon | S50: 612.48 | T50: 0.62 | U50: 0.67 | V50: 0.94 | X50: Zircon U-Pb CA-ID-TIMS date from ash bed with detrital zircon population at the base of Doushantuo Formation Unit 5 | Y50: Date originally to constrain Weng'an biota | AB50: Doushantuo | AD50: Unit 5 | AG50: Yang et al 2021
A51: 50 | B51: =_xlfn.XLOOKUP(C51, csl_deposits!B:B, csl_deposits!A:A, "NA", 0,1) -> 18 | C51: Doushantuo glendonites | D51: F1404 | E51: contemporaneous | F51: Note that correlation with other sections is debatable; following Yang et al 2021 here who follow Zhu et al 2013 who correlated this level to EN1.5 whereas Ouyang et al 2019 correlate this level to between EN1.5 and EN2 in Zhangcunping. | G51: deposition | H51: Radiometric date | I51: shale | J51: deposition | K51: Re-Os | L51: 587.2 | M51: 3.6 | Q51: shale | S51: 587.2 | T51: 3.6 | W51: 1.16 | X51: Wholerock shale Re-Os date from middle of Doushantuo Formataion Member II | AB51: Doushantuo | AC51: Member II | AF51: Date from Jiulongwan section (Yang et al 2021) that does not have glendonites (Wang et al 2020) but is correlated by d13C stratigraphy via position in EP1 and being below EP2 to sections which do have glendonites at about this level. | AG51: Yang et al 2021 | AH51: Zhu et al 2013 | AI51: Ouyang et al 2019 | AJ51: Wang et al 2020
A52: 51 | B52: =_xlfn.XLOOKUP(C52, csl_deposits!B:B, csl_deposits!A:A, "NA", 0,1) -> 20 | C52: Egan Formation | E52: above | G52: minimum | H52: Radiometric date | I52: dolerite | J52: intrusion | K52: U-Pb | L52: 513 | M52: 12 | P52: SHRIMP | Q52: igneous zircon | S52: 513 | T52: 12 | X52: Igneous zircon U-Pb date on intruding dolerite dyke. | Y52: Note possible Pb enrichment either primary or during analysis. | AB52: Milliwindi dyke | AG52: Hanley & Wingate 2000 | AH52: Corkeron 2011
A53: 52 | B53: =_xlfn.XLOOKUP(C53, csl_deposits!B:B, csl_deposits!A:A, "NA", 0,1) -> 20 | C53: Egan Formation | E53: below | G53: maximum | H53: Radiometric date | I53: granite | J53: intrusion | K53: U-Pb | L53: 1857 | M53: 5 | Q53: igneous zircon | S53: 1857 | T53: 5 | X53: Igneous zircon U-Pb date on granite basement | Y53: Date only published in abstract form. | Z53: Lamboo Complex | AB53: Bow River Granite | AG53: Page & Sun 1994 | AH53: Corkeron 2011
A54: 53 | B54: =_xlfn.XLOOKUP(C54, csl_deposits!B:B, csl_deposits!A:A, "NA", 0,1) -> 22 | C54: Esfordi Formation | E54: above | F54: Ediacaran fossils including Avalon and White Sea morphogroups recovered from strata around the diamictite in the Kushk Shale unit but precise relationshipt with the diamictite is not known. | G54: minimum | H54: Biostratigraphy | J54: minimum | L54: 538.8 | AB54: Esfordi | AC54: Kushk | AG54: Mohseni & Aftabi 2015 | AH54: McCall 2006
A55: 54 | B55: =_xlfn.XLOOKUP(C55, csl_deposits!B:B, csl_deposits!A:A, "NA", 0,1) -> 24 | C55: Fauquier Formation | E55: above | F55: Tuff bed in basalt flows near base of Catoctin Formation close above the top of the Fauquier Formation. | G55: minimum | H55: Radiometric date | I55: tuff | J55: eruption | K55: U-Pb | L55: 571 | M55: 1 | P55: TIMS | Q55: igneous zircon | S55: 571 | T55: 1 | X55: Zircon U-Pb TIMS date from tuff bed. | Y55: Date only published in abstract form. | AB55: Catoctin | AG55: Southworth et al 2009 | AH55: Hebert et al 2010
A56: 55 | B56: =_xlfn.XLOOKUP(C56, csl_deposits!B:B, csl_deposits!A:A, "NA", 0,1) -> 92 | C56: Fengtai Formation | E56: above | F56: Unconformity between Fengtai Formation and overlying Cambrian Series 2 Houjiashan Formation | G56: minimum | H56: Biostratigraphy | J56: minimum | L56: 521 | AB56: Houjiashan | AG56: Yue et al 2025
A57: 56 | B57: =_xlfn.XLOOKUP(C57, csl_deposits!B:B, csl_deposits!A:A, "NA", 0,1) -> 92 | C57: Fengtai Formation | E57: contemporaneous | F57: Unconformity between Fengtai Formation and overlying Houjiashan Formation | G57: maximum | H57: Radiometric date | I57: sandy mudstone | J57: maximum | K57: Pb-Pb | L57: 620 | P57: TIMS | Q57: wholerock | S57: 620 | X57: Not accessible | Y57: Date from inaccessible paper cited in Yue et al 2025 | AB57: Fengtai | AF57: Original work not available | AG57: Yue et al 2025
A58: 57 | B58: =_xlfn.XLOOKUP(C58, csl_deposits!B:B, csl_deposits!A:A, "NA", 0,1) -> 92 | C58: Fengtai Formation | E58: contemporaneous | F58: Unconformity between Fengtai Formation and overlying Houjiashan Formation | G58: maximum | H58: Radiometric date | I58: shale | J58: maximum | K58: U-Pb | L58: 637 | M58: 18 | P58: LA-ICP-MS | Q58: detrital zircon | S58: 637 | T58: 18 | X58: Not accessible | Y58: Date from MSc thesis cited in Yue et al 2025 | AB58: Fengtai | AF58: Original work not available | AG58: Yue et al 2025
A59: 58 | B59: =_xlfn.XLOOKUP(C59, csl_deposits!B:B, csl_deposits!A:A, "NA", 0,1) -> 25 | C59: Fersiga Group | E59: above | F59: The Teniagouri Group is regionally correlated with the Azlaf Group which overlies the Fersiga Group. | G59: minimum | H59: Radiometric date | I59: tuff | J59: eruption | K59: U-Pb | L59: 609.7 | M59: 5.5 | P59: SHRIMP | Q59: igneous zircon | S59: 609.7 | T59: 5.5 | X59: Igneous zircon U-Pb date from volcanic tuff in Teniagouri Group overlying Jbeliat Group which is correlated with the Fersiga Group | Z59: Teniagouri | AG59: Lahondere et al 2005 | AH59: Shields et al 2007 | AI59: Shields-Zhou et al 2011
A60: 59 | B60: =_xlfn.XLOOKUP(C60, csl_deposits!B:B, csl_deposits!A:A, "NA", 0,1) -> 25 | C60: Fersiga Group | E60: above | F60: The Teniagouri Group is regionally correlated with the Azlaf Group which overlies the Fersiga Group. | G60: minimum | H60: Radiometric date | I60: tuff | J60: eruption | K60: U-Pb | L60: 604 | M60: 6 | P60: SHRIMP | Q60: igneous zircon | S60: 604 | T60: 6 | X60: Igneous zircon U-Pb date from volcanic tuff in Teniagouri Group overlying Jbeliat Group which is correlated with the Fersiga Group | Z60: Teniagouri | AG60: Lahondere et al 2005 | AH60: Shields et al 2007 | AI60: Shields-Zhou et al 2011
A61: 60 | B61: =_xlfn.XLOOKUP(C61, csl_deposits!B:B, csl_deposits!A:A, "NA", 0,1) -> 25 | C61: Fersiga Group | E61: above | F61: The Teniagouri Group is regionally correlated with the Azlaf Group which overlies the Fersiga Group. | G61: minimum | H61: Radiometric date | I61: tuff | J61: eruption | K61: U-Pb | L61: 609.7 | M61: 5.5 | P61: SHRIMP | Q61: igneous zircon | S61: 609.7 | T61: 5.5 | X61: Igneous zircon U-Pb date from volcanic tuff in Teniagouri Group overlying Jbeliat Group which is correlated with the Fersiga Group | Z61: Teniagouri | AG61: Lahondere et al 2005 | AH61: Shields et al 2007 | AI61: Shields-Zhou et al 2011
A62: 61 | B62: =_xlfn.XLOOKUP(C62, csl_deposits!B:B, csl_deposits!A:A, "NA", 0,1) -> 25 | C62: Fersiga Group | E62: above | F62: The Teniagouri Group is regionally correlated with the Azlaf Group which overlies the Fersiga Group. | G62: minimum | H62: Radiometric date | I62: tuff | J62: eruption | K62: U-Pb | L62: 604 | M62: 6 | P62: SHRIMP | Q62: igneous zircon | S62: 604 | T62: 6 | X62: Igneous zircon U-Pb date from volcanic tuff in Teniagouri Group overlying Jbeliat Group which is correlated with the Fersiga Group | Z62: Teniagouri | AG62: Lahondere et al 2005 | AH62: Shields et al 2007 | AI62: Shields-Zhou et al 2011
A63: 62 | B63: =_xlfn.XLOOKUP(C63, csl_deposits!B:B, csl_deposits!A:A, "NA", 0,1) -> 26 | C63: Gaskiers Formation | D63: NoP-0.9 | E63: above | F63: Gaskiers type section | G63: minimum | H63: Radiometric date | I63: ash bed | J63: eruption | K63: U-Pb | L63: 579.88 | M63: 0.81 | P63: CA-ID-TIMS | Q63: igneous zircon | R63: E5 | S63: 579.88 | T63: 0.44 | U63: 0.52 | V63: 0.81 | W63: 0.82 | X63: Ash bed zircon U-Pb CA-ID-TIMS sample NoP-0.9 Drook Formation close over the diamictite | Z63: Conception | AB63: Drook | AF63: Diamictite >250 m thick at the St Mary's Bay section | AG63: Pu et al 2016
A64: 63 | B64: =_xlfn.XLOOKUP(C64, csl_deposits!B:B, csl_deposits!A:A, "NA", 0,1) -> 26 | C64: Gaskiers Formation | D64: GCI-7.75 | E64: below | F64: Gaskiers type section | G64: maximum | H64: Radiometric date | I64: ash bed | J64: eruption | K64: U-Pb | L64: 580.34 | M64: 0.88 | P64: CA-ID-TIMS | Q64: igneous zircon | R64: E3 | S64: 580.34 | T64: 0.52 | U64: 0.62 | V64: 0.88 | W64: 0.36 | X64: Ash bed zircon U-Pb CA-ID-TIMS sample GCI-neg7.75 Mall Bay Formation close under the diamictite | Z64: Conception | AB64: Mall Bay | AF64: Diamictite >250 m thick at the St Mary's Bay section | AG64: Pu et al 2016
A65: 64 | B65: =_xlfn.XLOOKUP(C65, csl_deposits!B:B, csl_deposits!A:A, "NA", 0,1) -> 26 | C65: Gaskiers Formation | D65: GCI-6.55 | E65: below | F65: Gaskiers type section | G65: maximum | H65: Radiometric date | I65: ash bed | J65: eruption | K65: U-Pb | L65: 580.9 | M65: 0.82 | P65: CA-ID-TIMS | Q65: igneous zircon | R65: E4 | S65: 580.9 | T65: 0.4 | U65: 0.53 | V65: 0.82 | W65: 1.1 | X65: Ash bed zircon U-Pb CA-ID-TIMS sample GCI-neg6.55 Mall Bay Formation close under the diamictite | Z65: Conception | AB65: Mall Bay | AF65: Diamictite >250 m thick at the St Mary's Bay section | AG65: Pu et al 2016
A66: 65 | B66: =_xlfn.XLOOKUP(C66, csl_deposits!B:B, csl_deposits!A:A, "NA", 0,1) -> 27 | C66: Glussk Formation | D66: KOB-26 | E66: above | F66: From overlying Volyn Group. | G66: minimum | H66: Radiometric date | I66: tuff | J66: eruption | K66: U-Pb | L66: 569.36 | M66: 0.29 | P66: CA-ID-TIMS | Q66: igneous zircon | S66: 569.36 | T66: 0.29 | W66: 0.05 | X66: Tuff zircon U-Pb CA-ID-TIMS date | Z66: Volyn | AB66: Rataychitsy | AG66: Srodon et al 2023 | AH66: Francovschi et al 2024
A67: 66 | B67: =_xlfn.XLOOKUP(C67, csl_deposits!B:B, csl_deposits!A:A, "NA", 0,1) -> 27 | C67: Glussk Formation | D67: KOB-25 | E67: above | F67: From overlying Volyn Group. | G67: minimum | H67: Radiometric date | I67: tuff | J67: eruption | K67: U-Pb | L67: 569.4 | M67: 0.12 | P67: CA-ID-TIMS | Q67: igneous zircon | S67: 569.4 | T67: 0.12 | W67: 1.35 | X67: Tuff zircon U-Pb CA-ID-TIMS date | Z67: Volyn | AB67: Rataychitsy | AG67: Srodon et al 2023 | AH67: Francovschi et al 2024
A68: 67 | B68: =_xlfn.XLOOKUP(C68, csl_deposits!B:B, csl_deposits!A:A, "NA", 0,1) -> 28 | C68: Granville Formation | D68: GV2 | E68: below | F68: Ediacaran <562 Ma | G68: maximum | H68: Radiometric date | I68: quartzite | J68: maximum | K68: U-Pb | L68: 562.1 | M68: 3.1 | P68: LA-ICP-MS | Q68: detrital zircon | S68: 562.1 | V68: 3.1 | W68: 0.31 | X68: Detrital zircon LA-ICP-MS U-Pb age younger than overlying detrital zircons | AB68: Granville | AC68: Member 1 | AG68: Linnemann et al 2022
A69: 68 | B69: =_xlfn.XLOOKUP(C69, csl_deposits!B:B, csl_deposits!A:A, "NA", 0,1) -> 28 | C69: Granville Formation | D69: GV16 | E69: below | F69: Ediacaran <562 Ma | G69: maximum | H69: Radiometric date | I69: conglomerate | J69: maximum | K69: U-Pb | L69: 560.6 | M69: 3.3 | P69: LA-ICP-MS | Q69: detrital zircon | S69: 560.6 | V69: 3.3 | W69: 0.33 | X69: Detrital zircon LA-ICP-MS U-Pb age from detrital zircon provides a minimum age for the upper tillite | AB69: Granville | AC69: Granville Tillite | AD69: conglomerate marker horizon | AG69: Linnemann et al 2022
A70: 69 | B70: =_xlfn.XLOOKUP(C70, csl_deposits!B:B, csl_deposits!A:A, "NA", 0,1) -> 28 | C70: Granville Formation | D70: GV6 | E70: contemporaneous | F70: Ediacaran <562 Ma | G70: maximum | H70: Radiometric date | I70: diamictite matrix | J70: maximum | K70: U-Pb | L70: 563.5 | M70: 8.4 | P70: LA-ICP-MS | Q70: detrital zircon | S70: 563.5 | V70: 8.4 | W70: 0.48 | X70: Detrital zircon LA-ICP-MS U-Pb age older than underlying detrital zircons | AB70: Granville | AC70: Granville Tillite | AD70: Lower tillite | AG70: Linnemann et al 2022
A71: 70 | B71: =_xlfn.XLOOKUP(C71, csl_deposits!B:B, csl_deposits!A:A, "NA", 0,1) -> 29 | C71: Gwna Group | E71: above | G71: minimum | H71: Radiometric date | J71: maximum | K71: U-Pb | L71: 501 | M71: 10 | P71: SIMS | Q71: detrital zircon | S71: 501 | T71: 10 | X71: Detrital zircon U-Pb SIMS date from South Stack Group | Z71: South Stack | AG71: Collins & Buchan 2004 | AH71: Kawai et al 2008
A72: 71 | B72: =_xlfn.XLOOKUP(C72, csl_deposits!B:B, csl_deposits!A:A, "NA", 0,1) -> 29 | C72: Gwna Group | E72: below | G72: maximum | H72: Radiometric date | I72: gneiss | J72: maximum | K72: Rb-Sr | L72: 595 | M72: 12 | Q72: wholerock | S72: 595 | T72: 12 | X72: Holland Arms gneiss Rb-Sr wholerock isochron | AB72: Holland Arms gneiss | AG72: Beckinsale & Thorpe 1979 | AH72: Kawai et al 2008
A73: 72 | B73: =_xlfn.XLOOKUP(C73, csl_deposits!B:B, csl_deposits!A:A, "NA", 0,1) -> 29 | C73: Gwna Group | D73: LLZ519 | E73: contemporaneous | F73: Stratigraphic position with respect to the diamictite unit unspecified but this is the closest geographical date. | H73: Radiometric date | I73: sandstone | J73: maximum | K73: U-Pb | L73: 550 | M73: 24 | P73: LA-ICP-MS | Q73: igneous zircon | S73: 550 | T73: 24 | X73: Detrital zircon LA-ICP-MS date from Llanddwyn Island. | Z73: Gwna Group | AF73: Likely from the Llanddwyn Island Volcanic Member of the Bodorgan Formation but this is not specified in the paper. | AG73: Asanuma et al 2017 | AH73: Tindal 2023
A74: 73 | B74: =_xlfn.XLOOKUP(C74, csl_deposits!B:B, csl_deposits!A:A, "NA", 0,1) -> 30 | C74: Hankalchough Formation | E74: above | F74: Cambrian acritarchs recovered from the overlying Xishanblaq Formation | G74: minimum | H74: Biostratigraphy | J74: minimum | L74: 538.8 | M74: 0.2 | AB74: Xishanblaq | AG74: Xiao et al 2004 | AH74: Yao et al 2005
A75: 74 | B75: =_xlfn.XLOOKUP(C75, csl_deposits!B:B, csl_deposits!A:A, "NA", 0,1) -> 30 | C75: Hankalchough Formation | E75: below | F75: Date from Busch et al 2023 in Gametrail Formation; EN3/Shuram-correlated excursion below Hankalchough Formation | G75: maximum | H75: CIE | I75: carbonate | J75: maximum | K75: 13C | L75: 566.9 | M75: 3.5 | N75: Shuram | O75: below deposit | AB75: Shuiquan | AF75: d13C values less than -10 per mille reported from the Shuiquan Formation beneath the Hankalchough diamictite. | AG75: Xiao et al 2004 | AH75: Rooney et al 2020 | AI75: Yang et al 2021 | AJ75: Busch et al 2023
A76: 75 | B76: =_xlfn.XLOOKUP(C76, csl_deposits!B:B, csl_deposits!A:A, "NA", 0,1) -> 30 | C76: Hankalchough Formation | D76: 2371D | E76: below | F76: Date from andesite lava between the Tereeken and Hankalchough diamictites | G76: maximum | H76: Radiometric date | I76: andesite | J76: eruption | K76: U-Pb | L76: 615 | M76: 6 | P76: SHRIMP | Q76: igneous zircon | S76: 615 | T76: 6 | W76: 1.4 | X76: SHRIMP U-Pb date on zircons from andesite lava | Z76: Quruqtagh | AB76: Zhamoketi | AG76: Xu et al 2009
A77: 76 | B77: =_xlfn.XLOOKUP(C77, csl_deposits!B:B, csl_deposits!A:A, "NA", 0,1) -> 30 | C77: Hankalchough Formation | D77: Sample 2019TA010 | E77: contemporaneous | F77: Sample from Hankalchough Formation tillite | G77: maximum | H77: Radiometric date | I77: diamictite | J77: maximum | K77: U-Pb | L77: 591.3 | M77: 3.2 | P77: LA-ICP-MS | Q77: detrital zircon | S77: 591.3 | T77: 3.2 | W77: 0.6 | X77: Detrital zircon LA-ICP-MS date on 24 concordant zircons provide a maximum depositional age estimate for the Hankalchough Formation | AB77: Hankalchough | AG77: Zhu et al 2021
A78: 77 | B78: =_xlfn.XLOOKUP(C78, csl_deposits!B:B, csl_deposits!A:A, "NA", 0,1) -> 32 | C78: Hongtiegou Formation | E78: above | F78: Shaanxilithes fossils recovered from upper Zhoujieshan Formation which overlies the Hongtiegou Formation. More than 20 m of sandstone separates the last diamictites from the first Shaanxilithes fossils. | G78: minimum | H78: Biostratigraphy | I78: sandstone | J78: minimum | L78: 538.8 | Z78: Quanji | AB78: Zhoujieshan | AD78: upper Zhoujieshan | AG78: Wang et al 2021 JAES
A79: 78 | B79: =_xlfn.XLOOKUP(C79, csl_deposits!B:B, csl_deposits!A:A, "NA", 0,1) -> 33 | C79: Hrushka Formation | D79: Moh-1 | E79: above | F79: Same as sample Otaci-1 | G79: minimum | H79: Radiometric date | I79: bentonite | J79: eruption | K79: U-Pb | L79: 555.13 | M79: 0.31 | P79: CA-ID-TIMS | Q79: igneous zircon | S79: 555.13 | T79: 0.31 | W79: 2.56 | X79: Bentonite zircon U-Pb CA-ID-TIMS date | Y79: Same bentonite as sample Otaci-1 regionally correlated to strata overlying the Slutsk-Kholonevychi diamictite | Z79: Mohyliv-Podilskyi | AA79: Novodnistrovsk | AB79: Yaryshiv | AG79: Srodon et al 2023
A80: 79 | B80: =_xlfn.XLOOKUP(C80, csl_deposits!B:B, csl_deposits!A:A, "NA", 0,1) -> 33 | C80: Hrushka Formation | D80: Otaci-1 | E80: above | F80: Same as sample Moh-1 | G80: minimum | H80: Radiometric date | I80: bentonite | J80: eruption | K80: U-Pb | L80: 554.5 | M80: 0.26 | P80: CA-ID-TIMS | Q80: igneous zircon | S80: 554.5 | T80: 0.26 | W80: 0.82 | X80: Bentonite zircon U-Pb CA-ID-TIMS date | Y80: Same bentonite as sample Moh-1 regionally correlated to strata overlying the Slutsk-Kholonevychi diamictite | Z80: Mohyliv-Podilskyi | AA80: Novodnistrovsk | AB80: Yaryshiv | AG80: Srodon et al 2023
A81: 80 | B81: =_xlfn.XLOOKUP(C81, csl_deposits!B:B, csl_deposits!A:A, "NA", 0,1) -> 33 | C81: Hrushka Formation | D81: DAM18LA-Dam25-Struha5A+6A | E81: above | F81: Three nearby samples combined to give weighted average age | G81: minimum | H81: Radiometric date | I81: bentonite | J81: eruption | K81: U-Pb | L81: 556.15 | M81: 0.09 | P81: CA-ID-TIMS | Q81: igneous zircon | S81: 556.15 | T81: 0.09 | W81: 1.71 | X81: Three samples from same bentonite combined zircon U-Pb CA-ID-TIMS date | Y81: Regionally correlated to strata overlying the Slutsk-Kholonevychi diamictite | Z81: Mohyliv-Podilskyi | AA81: Novodnistrovsk | AB81: Yaryshiv | AC81: Lyadova-Bernashivka | AG81: Srodon et al 2023
A82: 81 | B82: =_xlfn.XLOOKUP(C82, csl_deposits!B:B, csl_deposits!A:A, "NA", 0,1) -> 33 | C82: Hrushka Formation | D82: DAM-11 | E82: above | H82: Radiometric date | I82: mudstone | J82: maximum | K82: U-Pb | L82: 557.12 | M82: 0.41 | P82: CA-ID-TIMS | Q82: detrital zircon | S82: 557.12 | T82: 0.41 | W82: 2.62 | X82: Detrital zircon U-Pb date from mudstone in upper Lyadova Beds | Y82: Regionally correlated to strata overlying or possibly syndepositional with the Slutsk-Kholonevychi diamictite | Z82: Mohyliv-Podilskyi | AA82: Novodnistrovsk | AB82: Mohyliv | AC82: Lyadova | AG82: Srodon et al 2023
A83: 82 | B83: =_xlfn.XLOOKUP(C83, csl_deposits!B:B, csl_deposits!A:A, "NA", 0,1) -> 33 | C83: Hrushka Formation | D83: Dam-28 | E83: above | H83: Radiometric date | I83: turbiditic sandstone | J83: maximum | K83: U-Pb | L83: 551 | M83: 13 | P83: LA-ICP-MS | Q83: detrital zircon | S83: 551 | T83: 13 | W83: 0.53 | X83: Detrital zircon U-Pb date from sandstone | Y83: Regionally correlated to strata overlying the Slutsk-Kholonevychi diamictite | Z83: Mohyliv-Podilskyi | AA83: Novodnistrovsk | AB83: Yaryshiv | AC83: Dernashivka | AG83: Paszkowski et al 2021
A84: 83 | B84: =_xlfn.XLOOKUP(C84, csl_deposits!B:B, csl_deposits!A:A, "NA", 0,1) -> 33 | C84: Hrushka Formation | D84: KOB-26 | E84: below | G84: maximum | H84: Radiometric date | I84: tuff | J84: eruption | K84: U-Pb | L84: 569.36 | M84: 0.29 | P84: CA-ID-TIMS | Q84: igneous zircon | S84: 569.36 | T84: 0.29 | W84: 0.05 | X84: Tuff zircon U-Pb CA-ID-TIMS date | Y84: Regionally correlated to strata underlying the Slutsk-Kholonevychi diamictite | Z84: Volyn | AB84: Rataychitsy | AG84: Srodon et al 2023
A85: 84 | B85: =_xlfn.XLOOKUP(C85, csl_deposits!B:B, csl_deposits!A:A, "NA", 0,1) -> 33 | C85: Hrushka Formation | D85: KOB-25 | E85: below | G85: maximum | H85: Radiometric date | I85: tuff | J85: eruption | K85: U-Pb | L85: 569.4 | M85: 0.12 | P85: CA-ID-TIMS | Q85: igneous zircon | S85: 569.4 | T85: 0.12 | W85: 1.35 | X85: Tuff zircon U-Pb CA-ID-TIMS date | Y85: Regionally correlated to strata underlying the Slutsk-Kholonevychi diamictite | Z85: Volyn | AB85: Rataychitsy | AG85: Srodon et al 2023
A86: 85 | B86: =_xlfn.XLOOKUP(C86, csl_deposits!B:B, csl_deposits!A:A, "NA", 0,1) -> 33 | C86: Hrushka Formation | D86: Tashky-20 | E86: below | G86: maximum | H86: Radiometric date | I86: tuff | J86: eruption | K86: U-Pb | L86: 569.59 | M86: 0.05 | P86: CA-ID-TIMS | Q86: igneous zircon | S86: 569.59 | T86: 0.05 | W86: 2.06 | X86: Tuff zircon U-Pb CA-ID-TIMS date underlying diamictite | Z86: Volyn | AB86: Prihoryn | AG86: Srodon et al 2023
A87: 86 | B87: =_xlfn.XLOOKUP(C87, csl_deposits!B:B, csl_deposits!A:A, "NA", 0,1) -> 33 | C87: Hrushka Formation | D87: Kaplonosy-3 | E87: contemporaneous | G87: maximum | H87: Radiometric date | I87: palaeosol | J87: maximum | K87: U-Pb | L87: 569.89 | M87: 0.17 | P87: CA-ID-TIMS | Q87: detrital zircon | S87: 569.89 | T87: 0.17 | W87: 0.21 | X87: Detrital zircon U-Pb date from palaeosol developed on rhyodacitic tuff | Y87: Palaeosol level regionally correlated to the same level as the Slutsky-Kholonevychi diamictite | Z87: Volyn | AB87: Teremiski | AG87: Srodon et al 2023
A88: 87 | B88: =_xlfn.XLOOKUP(C88, csl_deposits!B:B, csl_deposits!A:A, "NA", 0,1) -> 33 | C88: Hrushka Formation | D88: Sample 4529-3 | E88: contemporaneous | G88: maximum | H88: Radiometric date | I88: palaeosol | J88: maximum | K88: U-Pb | L88: 566.74 | M88: 0.12 | P88: CA-ID-TIMS | Q88: detrital zircon | S88: 566.74 | T88: 0.12 | W88: 2.24 | X88: Detrital zircon U-Pb date from base of palaeosol | Y88: Regionally correlated to deposition simultaneous with the Slutsk-Kholonevychi diamictite | Z88: Mohyliv-Podilskyi | AA88: Ushytsya | AB88: Kolky | AG88: Srodon et al 2023
A89: 88 | B89: =_xlfn.XLOOKUP(C89, csl_deposits!B:B, csl_deposits!A:A, "NA", 0,1) -> 33 | C89: Hrushka Formation | D89: Putryntsi-4 | E89: contemporaneous | G89: maximum | H89: Radiometric date | I89: diamictite matrix | J89: maximum | K89: U-Pb | L89: 575 | M89: 7 | P89: LA-ICP-MS | Q89: detrital zircon | S89: 575 | T89: 7 | W89: 0.16 | X89: Detrital zircon U-Pb date from diamictite matrix | Y89: From the Slutsk-Kholonevychi diamictite matrix | Z89: Volyn | AA89: Volyn | AB89: Slutsk | AG89: Paszkowski et al 2021
A90: 89 | B90: =_xlfn.XLOOKUP(C90, csl_deposits!B:B, csl_deposits!A:A, "NA", 0,1) -> 33 | C90: Hrushka Formation | D90: Putryntsi-5 | E90: contemporaneous | G90: maximum | H90: Radiometric date | I90: diamictite matrix | J90: maximum | K90: U-Pb | L90: 578 | M90: 14 | P90: LA-ICP-MS | Q90: detrital zircon | S90: 578 | T90: 14 | W90: 0.03 | X90: Detrital zircon U-Pb date from diamictite matrix | Y90: From the Slutsk-Kholonevychi diamictite matrix | Z90: Mohyliv-Podilskyi | AA90: Novodnistrovsk | AB90: Kholonevychi | AG90: Paszkowski et al 2021
A91: 90 | B91: =_xlfn.XLOOKUP(C91, csl_deposits!B:B, csl_deposits!A:A, "NA", 0,1) -> 35 | C91: Inishowen beds | D91: Tayvallich keratophyre | E91: above | F91: Correlation may not be robust. | G91: minimum | H91: Radiometric date | I91: keratophyre | J91: minimum | K91: U-Pb | L91: 595 | M91: 4 | Q91: igneous zircon | S91: 595 | T91: 4 | X91: Igneous zircon U-Pb date from igneous rocks overlying the Tayvallach Formation and correlated with the Inishowen Beds. | Z91: Argyll | AE91: Tayvallich keratophyre | AF91: Stratigraphic relationship to the Tayvallich Volcanics is uncertain but may crosscut strata in the area. Use as a constraint for the Inishowen beds is based on tentative correlation with the Loch na Cille beds which may not be sound. | AG91: Halliday et al 1989 | AH91: Dempster et al 2002
A92: 91 | B92: =_xlfn.XLOOKUP(C92, csl_deposits!B:B, csl_deposits!A:A, "NA", 0,1) -> 35 | C92: Inishowen beds | D92: Tayvallich Tuff | E92: below | G92: maximum | H92: Radiometric date | I92: ash bed | J92: eruption | K92: U-Pb | L92: 601 | M92: 4 | P92: SHRIMP | Q92: igneous zircon | S92: 601 | T92: 3.7 | W92: 0.82 | X92: Igneous zircon U-Pb SHRIMP date from igneous rocks underlying the Inishowen Beds. | Z92: Argyll | AE92: Tayvallich Tuff | AF92: Use as a constraint for the Inishowen beds is based on tentative correlation with the Loch na Cille beds which may not be sound. | AG92: Dempster et al 2002
A93: 92 | B93: =_xlfn.XLOOKUP(C93, csl_deposits!B:B, csl_deposits!A:A, "NA", 0,1) -> 36 | C93: Iporanga Formation | D93: IP 808 | E93: below | F93: Possibly from beneath a fault contact. | G93: maximum | H93: Radiometric date | I93: metavolcanic | J93: maximum | K93: U-Pb | L93: 579 | M93: 34 | P93: SHRIMP | Q93: igneous zircon | S93: 579 | T93: 34 | W93: 0.48 | X93: Igneous zircon U-Pb SHRIMP date from metamorphosed volcanic rock directly beneath the diamictite | Z93: Votuverava | AA93: Ribeira | AE93: metavolcanics | AG93: Campanha et al 2008
A94: 93 | B94: =_xlfn.XLOOKUP(C94, csl_deposits!B:B, csl_deposits!A:A, "NA", 0,1) -> 36 | C94: Iporanga Formation | D94: F-203 | E94: contemporaneous | G94: maximum | H94: Radiometric date | I94: granite | J94: maximum | K94: U-Pb | L94: 593 | M94: 15 | P94: SHRIMP | Q94: detrital zircon | S94: 593 | T94: 15 | W94: 1.07 | X94: Detrital zircon U-Pb SHRIMP date from granite clast within the diamictite | Z94: Votuverava | AB94: Iporanga | AE94: basal breccia | AG94: Campanha et al 2008
A95: 94 | B95: =_xlfn.XLOOKUP(C95, csl_deposits!B:B, csl_deposits!A:A, "NA", 0,1) -> 37 | C95: Ishim River diamictite | E95: above | F95: Regional correlation with the Baykonur Formation | G95: minimum | H95: Correlation | J95: minimum | L95: 538.8 | AG95: Kheraskova 1981
A96: 95 | B96: =_xlfn.XLOOKUP(C96, csl_deposits!B:B, csl_deposits!A:A, "NA", 0,1) -> 37 | C96: Ishim River diamictite | E96: below | F96: Regional correlation with the Baykonur Formation | G96: maximum | H96: Correlation | J96: maximum | L96: 629 | M96: 8 | AG96: Kheraskova 1981
A97: 96 | B97: =_xlfn.XLOOKUP(C97, csl_deposits!B:B, csl_deposits!A:A, "NA", 0,1) -> 38 | C97: Izdar Member | D97: Sample 14DL15 | E97: above | F97: Ignimbrite near the base of the Ouarzazate Group | G97: minimum | H97: Radiometric date | I97: ignimbrite | J97: eruption | K97: U-Pb | L97: 574.9 | M97: 3 | P97: LA-ICP-MS | Q97: igneous zircon | S97: 574.9 | T97: 3 | W97: 2.1 | X97: Zircon U-Pb LA-ICP-MS date from igneous zircon in ignimbrite | Z97: Ouarzazate | AG97: Letsch et al 2018
A98: 97 | B98: 39 | C98: Izdar Member | D98: BP13 | E98: above | F98: Top of the Ouarzazate Group volcanic pile in Tazegzaout section Bou Azzer Inlier. | G98: minimum | H98: Radiometric date | I98: rhyodacite | J98: eruption | K98: U-Pb | L98: 578.6 | M98: 4.8 | P98: SHRIMP | Q98: igneous zircon | S98: 578.6 | T98: 4.8 | W98: 0.031 | X98: Zircon U-PB SHRIMP date from igneous zircons from top Ouarzazate Group at Bou Azzer | Z98: Ouarzazate | AG98: Youbi et al 2020
A99: 98 | B99: =_xlfn.XLOOKUP(C99, csl_deposits!B:B, csl_deposits!A:A, "NA", 0,1) -> 38 | C99: Izdar Member | D99: Sample 14DL21 | E99: below | F99: Ignimbrite near base of Izdar Member | G99: maximum | H99: Radiometric date | I99: ignimbrite | J99: eruption | K99: U-Pb | L99: 593.12 | M99: 0.14 | P99: CA-ID-TIMS | Q99: igneous zircon | S99: 593.12 | T99: 0.14 | X99: Zircon U-Pb CA-ID-TIMS date from igneous zircon in ignimbrite from youngest single grain | AC99: Izdar | AG99: Letsch et al 2018
A100: 99 | B100: =_xlfn.XLOOKUP(C100, csl_deposits!B:B, csl_deposits!A:A, "NA", 0,1) -> 39 | C100: Kahar Formation | E100: above | F100: From correlated Chalus Road section Soltanieh Formation Middle Dolomite Member contains early Cambrian SSFs; stratigraphic position quite well constrained to above the diamictite bearing unit | G100: minimum | H100: Biostratigraphy | I100: carbonate | J100: minimum | L100: 538.8 | AB100: Soltanieh | AC100: Middle Dolomite | AF100: Treptichnus pedum recovered from sections in West Alborz Mountains | AG100: Etemad-Saeed et al 2016
...
